helpfulness,correctness,coherence,complexity,verbosity,label
4,4,4,2,2,Human
4,4,4,3,3,LLM
4,4,4,2,2,Human
4,4,4,3,4,LLM
0,0,3,2,1,Human
4,4,4,3,3,LLM
4,4,4,2,2,Human
3,3,4,3,3,LLM
3,4,3,2,2,Human
4,4,4,3,4,LLM
3,3,4,2,3,Human
3,2,4,3,3,LLM
4,4,4,3,3,Human
4,4,4,3,4,LLM
4,4,4,2,1,Human
3,4,4,1,2,LLM
4,4,4,2,2,Human
4,4,4,4,4,LLM
2,2,3,2,1,Human
2,3,3,2,2,LLM
3,2,4,1,2,Human
4,4,4,3,4,LLM
4,4,4,2,2,Human
4,4,4,3,3,LLM
4,4,4,2,4,Human
4,4,4,3,4,LLM
2,2,4,1,2,Human
4,3,4,3,4,LLM
4,4,4,2,2,Human
4,4,4,3,4,LLM
4,4,4,3,2,Human
4,4,4,3,3,LLM
4,4,4,1,2,Human
4,4,4,3,3,LLM
4,4,4,2,2,Human
4,4,4,3,3,LLM
3,3,3,2,2,Human
4,4,4,3,4,LLM
4,4,4,2,2,Human
4,4,4,4,4,LLM
3,3,4,2,2,Human
3,2,4,3,3,LLM
3,3,4,2,2,Human
4,4,4,3,3,LLM
3,3,4,2,2,Human
4,4,4,3,3,LLM
1,1,3,3,3,Human
2,2,3,2,3,LLM
4,4,4,2,2,Human
4,4,4,3,3,LLM
3,4,4,1,2,Human
4,4,4,3,4,LLM
4,4,4,1,2,Human
4,4,4,3,3,LLM
1,1,2,2,3,Human
1,1,3,2,3,LLM
3,4,3,2,3,Human
4,4,4,3,3,LLM
4,4,4,2,2,Human
4,4,4,3,3,LLM
3,3,4,2,2,Human
3,4,4,3,2,LLM
2,2,3,2,2,Human
4,4,4,3,3,LLM
4,4,4,2,2,Human
4,4,4,3,4,LLM
4,4,4,2,3,Human
4,4,4,3,4,LLM
4,4,4,3,2,Human
4,4,4,3,3,LLM
3,4,3,2,2,Human
4,4,4,3,3,LLM
3,3,3,2,3,Human
4,4,4,3,4,LLM
3,4,3,3,4,Human
4,4,4,3,3,LLM
3,3,3,2,2,Human
4,4,4,3,4,LLM
3,3,3,3,3,Human
4,4,4,3,3,LLM
1,1,4,1,2,Human
3,2,4,3,3,LLM
2,2,3,1,2,Human
3,4,4,2,3,LLM
2,2,3,2,1,Human
4,4,4,3,3,LLM
3,4,3,3,2,Human
4,4,4,3,3,LLM
3,3,3,3,3,Human
2,1,3,2,2,LLM
4,4,4,3,2,Human
4,4,4,3,3,LLM
2,1,3,1,2,Human
1,1,1,1,3,LLM
2,2,3,2,2,Human
4,4,4,3,3,LLM
4,4,4,1,2,Human
4,4,4,3,3,LLM
1,0,1,2,2,Human
3,3,4,3,3,LLM
2,2,4,1,1,Human
3,3,4,2,3,LLM
4,4,4,3,2,Human
4,4,4,3,3,LLM
4,4,4,2,2,Human
4,4,4,3,3,LLM
3,3,3,2,1,Human
4,4,4,4,3,LLM
0,0,4,1,3,Human
4,4,4,2,3,LLM
4,4,4,3,2,Human
4,4,4,3,3,LLM
4,4,4,3,2,Human
4,4,4,3,3,LLM
3,3,4,2,2,Human
3,3,4,2,3,LLM
3,3,3,2,1,Human
4,4,4,3,3,LLM
4,4,4,3,2,Human
4,4,4,3,3,LLM
3,4,3,3,2,Human
4,4,4,3,3,LLM
3,4,4,2,1,Human
4,4,4,3,4,LLM
4,4,4,3,2,Human
3,3,4,3,3,LLM
4,4,4,3,3,Human
4,4,4,3,3,LLM
1,1,2,1,3,Human
1,1,2,2,2,LLM
1,1,2,2,2,Human
2,1,3,3,3,LLM
3,4,3,2,2,Human
4,4,4,3,3,LLM
4,4,4,2,2,Human
4,3,4,3,3,LLM
2,2,4,2,2,Human
4,4,4,3,3,LLM
2,2,3,2,4,Human
4,4,4,3,3,LLM
2,3,3,2,2,Human
4,4,4,2,3,LLM
4,4,4,1,2,Human
3,4,4,1,2,LLM
3,3,3,1,2,Human
4,4,4,3,3,LLM
4,4,4,2,2,Human
4,4,4,4,3,LLM
3,4,3,2,2,Human
4,4,4,3,3,LLM
2,3,3,2,0,Human
4,4,4,1,1,LLM
2,3,3,2,1,Human
4,4,4,2,1,LLM
2,2,4,2,1,Human
4,4,4,3,3,LLM
4,4,4,2,2,Human
3,4,4,1,4,LLM
4,4,4,1,3,Human
2,3,4,1,2,LLM
4,4,4,2,2,Human
3,2,4,3,3,LLM
4,4,4,1,2,Human
3,2,4,3,3,LLM
3,3,4,2,3,Human
3,3,4,3,3,LLM
4,4,4,2,2,Human
4,4,4,3,3,LLM
4,4,4,2,3,Human
4,3,4,4,3,LLM
3,3,4,2,2,Human
4,4,4,3,4,LLM
1,1,4,1,2,Human
4,4,4,3,3,LLM
4,4,4,2,2,Human
4,4,4,3,3,LLM
4,4,4,1,2,Human
2,1,3,2,3,LLM
4,4,4,2,3,Human
4,4,4,3,3,LLM
2,3,4,2,2,Human
4,4,4,3,3,LLM
1,1,4,3,2,Human
4,4,4,3,3,LLM
3,3,4,2,2,Human
4,4,4,3,3,LLM
2,3,2,1,3,Human
4,3,4,2,2,LLM
2,2,4,2,2,Human
1,1,2,1,2,LLM
2,3,3,2,3,Human
4,4,4,3,3,LLM
0,0,3,1,4,Human
4,4,4,3,3,LLM
3,4,3,1,2,Human
4,4,4,3,3,LLM
2,2,4,1,2,Human
4,4,4,3,4,LLM
4,4,4,4,3,Human
4,4,4,3,3,LLM
2,2,3,4,2,Human
4,4,4,3,3,LLM
3,4,3,2,2,Human
3,3,3,2,3,LLM
3,3,4,1,2,Human
3,3,4,3,3,LLM
4,4,4,1,0,Human
3,4,4,1,1,LLM
3,3,4,1,2,Human
2,2,3,2,3,LLM
0,0,2,2,2,Human
1,1,2,1,2,LLM
4,4,4,1,2,Human
4,4,4,3,3,LLM
1,1,2,2,3,Human
4,3,4,3,4,LLM
4,4,4,1,2,Human
4,4,4,3,4,LLM
3,3,3,3,2,Human
4,4,4,3,4,LLM
3,3,4,2,4,Human
3,3,4,3,3,LLM
1,1,4,2,1,Human
4,4,4,3,2,LLM
0,0,4,1,4,Human
3,4,4,2,3,LLM
3,3,4,2,1,Human
3,3,4,3,3,LLM
3,3,3,2,2,Human
4,4,4,3,4,LLM
3,3,4,2,3,Human
4,4,4,3,3,LLM
2,2,2,2,2,Human
4,4,4,3,4,LLM
3,4,3,3,2,Human
4,4,4,3,3,LLM
2,2,4,2,3,Human
3,2,4,3,3,LLM
0,0,4,2,2,Human
2,3,4,2,2,LLM
3,3,3,2,2,Human
4,4,4,3,4,LLM
3,4,4,3,2,Human
3,2,4,3,3,LLM
1,1,4,0,1,Human
4,4,4,1,2,LLM
2,2,4,2,2,Human
4,4,4,3,3,LLM
4,4,4,2,2,Human
3,4,4,3,3,LLM
3,3,3,1,2,Human
4,4,4,3,3,LLM
1,1,3,2,4,Human
3,2,3,3,2,LLM
4,4,4,3,3,Human
4,4,4,3,3,LLM
0,0,1,1,3,Human
4,4,4,3,3,LLM
1,1,4,2,2,Human
4,3,4,3,3,LLM
4,4,4,2,3,Human
4,4,4,3,4,LLM
3,3,3,3,3,Human
4,4,4,3,3,LLM
4,4,4,1,2,Human
4,4,4,1,1,LLM
3,4,4,1,2,Human
3,4,4,2,3,LLM
3,4,3,3,2,Human
4,4,4,3,3,LLM
2,2,3,1,2,Human
4,4,4,3,3,LLM
0,0,4,2,2,Human
3,1,4,3,2,LLM
3,2,3,2,2,Human
4,4,4,3,3,LLM
3,3,4,2,2,Human
4,4,4,3,3,LLM
4,4,4,2,2,Human
4,4,4,3,3,LLM
3,3,4,2,2,Human
4,4,4,3,4,LLM
3,3,4,2,2,Human
4,4,4,3,3,LLM
2,2,3,2,2,Human
3,3,2,1,1,LLM
2,2,3,2,4,Human
4,4,4,3,3,LLM
3,3,4,3,3,Human
3,3,4,3,3,LLM
3,3,3,2,2,Human
3,2,4,3,3,LLM
4,4,4,1,2,Human
4,4,4,3,3,LLM
4,4,4,2,2,Human
4,4,4,3,3,LLM
4,4,4,1,2,Human
4,4,4,3,4,LLM
3,3,3,2,2,Human
4,4,4,3,3,LLM
1,1,4,2,2,Human
2,2,3,2,3,LLM
3,3,3,2,1,Human
4,4,4,3,3,LLM
0,0,4,1,4,Human
1,1,2,2,3,LLM
0,0,2,1,2,Human
2,1,3,2,3,LLM
2,3,3,2,2,Human
3,2,4,3,3,LLM
4,4,4,1,1,Human
1,4,4,1,1,LLM
4,4,4,3,2,Human
4,4,4,3,4,LLM
1,2,4,1,2,Human
4,4,4,3,3,LLM
4,4,4,0,2,Human
3,3,4,2,3,LLM
4,4,4,2,2,Human
4,4,4,3,3,LLM
4,4,4,2,2,Human
4,4,4,3,3,LLM
4,4,4,2,2,Human
4,4,4,3,3,LLM
4,4,4,2,2,Human
4,4,4,3,3,LLM
4,4,4,1,2,Human
4,4,4,3,4,LLM
4,4,4,2,3,Human
4,4,4,3,3,LLM
2,2,3,3,2,Human
2,2,3,2,1,LLM
2,3,3,1,3,Human
4,4,4,2,3,LLM
0,0,3,1,4,Human
1,1,2,1,3,LLM
4,4,4,1,2,Human
4,4,4,3,4,LLM
3,3,4,2,1,Human
3,3,4,3,3,LLM
3,3,4,1,2,Human
4,4,4,3,4,LLM
4,4,4,1,1,Human
4,4,4,3,4,LLM
3,3,4,2,2,Human
4,4,4,3,4,LLM
4,4,4,2,3,Human
4,4,4,3,4,LLM
3,4,4,2,3,Human
4,4,4,3,3,LLM
3,3,3,2,2,Human
4,4,4,3,3,LLM
0,0,3,2,1,Human
1,0,3,1,3,LLM
3,3,4,2,2,Human
4,4,4,3,3,LLM
4,4,4,2,2,Human
4,4,4,3,3,LLM
3,3,4,1,3,Human
4,4,4,3,3,LLM
2,2,3,2,2,Human
2,1,3,3,3,LLM
4,4,4,2,3,Human
3,3,4,2,3,LLM
3,4,4,2,2,Human
3,2,4,2,3,LLM
4,4,4,3,3,Human
4,4,4,3,4,LLM
0,0,4,2,2,Human
3,4,4,3,3,LLM
3,3,4,1,1,Human
3,3,4,2,3,LLM
4,4,4,3,2,Human
4,4,4,3,3,LLM
4,4,4,3,2,Human
4,4,4,3,3,LLM
3,3,4,1,2,Human
4,4,4,3,3,LLM
2,3,3,1,2,Human
4,4,4,3,3,LLM
3,3,4,2,2,Human
4,4,4,3,3,LLM
4,4,4,1,2,Human
4,4,4,3,3,LLM
4,4,4,2,2,Human
4,4,4,3,3,LLM
0,0,3,2,2,Human
2,2,3,2,3,LLM
3,3,4,2,2,Human
4,4,4,3,3,LLM
4,4,4,2,2,Human
4,4,4,4,4,LLM
3,1,4,3,2,Human
2,1,4,2,3,LLM
3,3,3,2,4,Human
4,4,4,3,3,LLM
3,4,3,2,2,Human
4,4,4,3,3,LLM
3,4,3,2,2,Human
3,4,4,3,3,LLM
3,3,2,1,3,Human
1,2,2,1,3,LLM
2,2,4,2,1,Human
4,4,4,3,3,LLM
3,3,3,2,3,Human
4,4,4,3,3,LLM
3,4,4,2,2,Human
4,4,4,3,3,LLM
3,3,4,2,1,Human
4,4,4,3,3,LLM
4,4,4,2,2,Human
4,4,4,3,4,LLM
4,4,4,1,2,Human
4,4,4,3,3,LLM
4,4,4,1,2,Human
4,4,4,3,3,LLM
3,3,3,2,3,Human
4,4,4,3,3,LLM
4,4,4,2,2,Human
4,4,4,3,3,LLM
4,4,4,1,2,Human
2,4,4,1,3,LLM
0,0,0,0,0,Human
0,4,4,0,0,LLM
4,4,4,1,1,Human
2,4,4,1,1,LLM
4,4,4,2,2,Human
4,4,4,3,3,LLM
4,4,4,1,1,Human
4,4,4,3,4,LLM
3,3,4,2,2,Human
4,4,4,3,3,LLM
1,1,4,1,2,Human
2,2,3,1,2,LLM
0,2,4,1,2,Human
4,4,4,3,4,LLM
3,3,3,2,1,Human
4,4,4,3,3,LLM
4,4,4,2,2,Human
4,4,4,3,3,LLM
4,4,4,2,2,Human
3,3,4,3,3,LLM
4,4,4,2,3,Human
4,4,4,3,3,LLM
4,4,4,2,2,Human
4,4,4,3,3,LLM
0,0,3,2,1,Human
1,0,3,2,1,LLM
4,4,4,2,3,Human
4,4,4,3,3,LLM
4,4,4,1,2,Human
4,4,4,3,3,LLM
4,4,4,1,0,Human
4,4,4,1,1,LLM
4,4,4,2,2,Human
4,4,4,3,3,LLM
4,4,4,2,2,Human
4,4,4,3,3,LLM
1,1,3,1,1,Human
4,4,4,3,3,LLM
3,2,4,2,2,Human
4,4,4,3,3,LLM
4,4,4,3,2,Human
4,4,4,3,3,LLM
2,2,3,2,2,Human
3,3,4,2,2,LLM
4,4,4,1,2,Human
4,4,4,3,4,LLM
3,3,3,1,1,Human
4,4,4,3,3,LLM
3,3,4,2,2,Human
3,3,3,3,3,LLM
4,4,4,2,2,Human
4,3,4,3,4,LLM
4,4,4,1,2,Human
4,4,4,3,3,LLM
3,3,4,1,2,Human
4,4,4,2,3,LLM
4,4,4,1,2,Human
4,4,4,3,4,LLM
1,1,3,2,2,Human
2,3,3,2,2,LLM
3,3,4,1,2,Human
4,4,4,3,3,LLM
4,4,4,2,2,Human
3,2,4,3,3,LLM
2,3,3,2,2,Human
4,4,4,3,4,LLM
3,4,4,3,1,Human
4,4,4,3,3,LLM
3,3,4,1,3,Human
3,4,4,2,3,LLM
4,4,4,1,2,Human
4,4,4,3,3,LLM
4,4,4,1,2,Human
2,2,3,3,2,LLM
3,2,2,1,2,Human
3,4,4,1,2,LLM
3,3,2,1,2,Human
3,4,4,3,4,LLM
4,4,4,1,0,Human
4,4,4,2,2,LLM
3,3,3,3,3,Human
3,2,3,3,3,LLM
4,4,4,1,2,Human
4,4,4,3,4,LLM
3,4,3,1,3,Human
4,4,4,3,3,LLM
3,3,3,2,2,Human
4,4,4,2,4,LLM
3,3,3,1,2,Human
4,4,4,3,3,LLM
4,4,4,1,2,Human
4,4,4,3,4,LLM
2,2,3,2,2,Human
4,4,4,2,3,LLM
4,4,4,3,2,Human
4,4,4,3,3,LLM
0,0,4,2,2,Human
4,4,4,3,3,LLM
3,4,2,1,2,Human
4,4,4,3,3,LLM
2,2,4,1,1,Human
1,3,4,1,1,LLM
4,4,4,3,2,Human
3,2,4,3,3,LLM
4,4,4,3,3,Human
4,4,4,3,3,LLM
2,2,4,1,3,Human
4,4,4,3,3,LLM
1,1,3,2,3,Human
3,2,3,2,3,LLM
4,4,4,1,2,Human
3,3,4,1,2,LLM
4,4,4,0,2,Human
3,4,4,2,3,LLM
3,4,3,2,3,Human
3,3,4,3,2,LLM
4,4,4,3,2,Human
4,4,4,3,3,LLM
3,4,2,3,2,Human
4,4,4,3,3,LLM
1,1,4,2,2,Human
2,2,3,2,3,LLM
4,4,4,1,2,Human
3,4,4,2,3,LLM
2,2,3,1,2,Human
4,4,4,2,4,LLM
0,1,3,3,3,Human
4,4,4,3,3,LLM
4,4,4,3,3,Human
3,2,4,3,3,LLM
3,3,3,3,2,Human
4,4,4,3,4,LLM
3,3,4,1,2,Human
4,4,4,3,3,LLM
4,4,4,1,3,Human
4,4,4,4,3,LLM
4,4,4,2,2,Human
4,4,4,3,3,LLM
4,4,4,2,2,Human
3,3,4,3,2,LLM
4,4,4,1,2,Human
3,4,4,2,3,LLM
3,3,4,2,1,Human
3,3,4,2,3,LLM
2,3,3,1,2,Human
3,4,4,2,3,LLM
3,3,3,2,2,Human
4,4,4,3,4,LLM
4,4,4,2,2,Human
4,4,4,3,3,LLM
4,4,4,2,2,Human
4,4,4,3,3,LLM
3,3,4,2,2,Human
4,4,4,3,4,LLM
0,0,1,1,4,Human
4,4,4,3,4,LLM
2,2,3,1,2,Human
3,4,4,2,2,LLM
0,0,1,1,3,Human
1,1,2,2,3,LLM
4,4,3,1,3,Human
3,4,4,2,3,LLM
1,0,1,1,2,Human
1,1,2,1,3,LLM
4,4,4,1,2,Human
3,4,4,2,3,LLM
3,3,4,2,2,Human
3,4,4,3,3,LLM
3,3,4,2,3,Human
4,4,4,3,3,LLM
4,4,4,2,2,Human
4,4,4,3,3,LLM
4,4,4,2,2,Human
4,4,4,3,3,LLM
3,3,3,2,2,Human
1,4,4,3,3,LLM
3,3,4,2,2,Human
3,4,4,3,3,LLM
3,4,4,1,2,Human
2,3,3,2,3,LLM
4,4,4,2,2,Human
4,4,4,3,3,LLM
4,4,4,1,2,Human
4,4,4,3,4,LLM
3,3,4,2,2,Human
3,3,4,3,3,LLM
3,4,4,2,2,Human
4,4,4,3,3,LLM
3,4,4,2,2,Human
4,4,4,3,3,LLM
4,4,4,2,2,Human
4,4,4,3,4,LLM
4,4,4,3,2,Human
3,2,4,2,2,LLM
3,3,4,2,2,Human
4,4,4,3,3,LLM
2,4,3,3,4,Human
4,4,4,3,3,LLM
3,4,3,2,2,Human
4,4,4,3,4,LLM
3,3,4,2,2,Human
4,4,4,3,3,LLM
1,1,2,3,2,Human
3,2,3,3,2,LLM
1,2,3,2,3,Human
4,4,4,3,3,LLM
2,2,3,1,2,Human
4,4,4,3,4,LLM
2,0,4,2,2,Human
4,4,4,3,3,LLM
3,3,3,1,2,Human
3,3,4,3,3,LLM
3,4,3,2,2,Human
4,4,4,2,3,LLM
4,4,4,2,2,Human
4,4,4,3,3,LLM
4,4,4,1,2,Human
2,1,2,2,2,LLM
3,3,4,2,2,Human
4,4,4,3,3,LLM
0,0,3,1,2,Human
1,1,1,1,2,LLM
4,4,4,1,1,Human
4,4,4,3,4,LLM
3,3,4,1,1,Human
4,4,4,3,4,LLM
4,4,4,2,2,Human
4,4,4,2,3,LLM
4,4,4,3,2,Human
4,4,4,3,3,LLM
4,4,4,2,1,Human
4,4,4,3,3,LLM
3,3,3,1,2,Human
2,4,4,3,3,LLM
2,3,3,1,2,Human
2,4,4,2,3,LLM
3,4,4,2,1,Human
3,3,4,3,4,LLM
4,4,4,2,2,Human
4,4,4,3,3,LLM
3,2,4,2,1,Human
4,4,4,3,3,LLM
2,4,2,2,1,Human
2,1,2,2,2,LLM
3,3,4,3,3,Human
4,4,4,3,3,LLM
1,1,2,2,4,Human
3,3,2,2,1,LLM
4,4,4,1,2,Human
4,4,4,3,3,LLM
4,4,4,2,2,Human
4,4,4,3,4,LLM
3,3,3,3,2,Human
4,4,4,4,3,LLM
4,4,4,2,1,Human
4,4,4,3,4,LLM
2,2,3,2,3,Human
3,4,4,3,2,LLM
3,4,3,1,2,Human
3,3,4,2,3,LLM
3,4,3,2,2,Human
4,3,4,3,4,LLM
3,3,3,2,3,Human
3,4,4,3,3,LLM
1,1,3,2,2,Human
2,2,3,2,3,LLM
4,4,4,3,2,Human
0,0,1,1,1,LLM
4,4,4,2,2,Human
4,4,4,3,4,LLM
3,3,4,2,2,Human
3,3,4,2,4,LLM
4,4,4,2,2,Human
4,4,4,3,4,LLM
4,4,4,2,2,Human
4,4,4,3,3,LLM
3,3,4,1,3,Human
4,4,4,3,3,LLM
3,4,3,1,2,Human
3,2,4,3,3,LLM
4,4,4,2,2,Human
4,4,4,4,4,LLM
3,4,3,2,2,Human
4,4,4,3,3,LLM
4,4,4,2,2,Human
1,2,3,1,1,LLM
4,4,4,3,1,Human
4,4,4,2,4,LLM
4,4,4,1,2,Human
4,4,4,2,3,LLM
4,4,4,2,2,Human
2,1,4,2,3,LLM
4,4,4,2,2,Human
4,4,4,3,3,LLM
2,2,3,2,3,Human
4,4,4,3,3,LLM
1,1,4,2,4,Human
4,4,4,4,4,LLM
3,4,3,2,3,Human
4,4,4,3,3,LLM
4,4,4,1,2,Human
3,4,4,2,3,LLM
3,3,3,2,3,Human
4,4,4,3,3,LLM
4,4,4,2,2,Human
1,1,2,2,2,LLM
2,3,3,2,1,Human
4,4,4,3,3,LLM
3,3,4,2,2,Human
4,4,4,3,3,LLM
3,4,3,3,2,Human
4,4,4,3,3,LLM
3,3,4,2,2,Human
4,4,4,3,3,LLM
1,1,3,2,2,Human
2,2,3,2,2,LLM
1,1,4,2,2,Human
3,3,4,2,3,LLM
1,1,3,2,1,Human
2,4,4,3,1,LLM
3,3,3,1,3,Human
4,4,4,3,3,LLM
3,3,4,1,2,Human
4,4,4,3,3,LLM
4,4,4,2,2,Human
4,4,4,3,3,LLM
4,4,4,3,3,Human
4,4,4,3,3,LLM
4,4,4,0,1,Human
3,3,4,4,3,LLM
3,3,3,2,2,Human
3,3,4,2,3,LLM
4,4,4,2,2,Human
4,3,4,3,3,LLM
4,4,4,3,3,Human
3,2,3,3,2,LLM
4,4,4,2,2,Human
4,4,4,3,3,LLM
0,0,3,1,3,Human
3,4,4,3,2,LLM
4,4,4,2,3,Human
4,4,4,3,4,LLM
2,2,3,2,2,Human
3,4,4,2,3,LLM
4,4,4,2,2,Human
4,4,4,3,3,LLM
4,4,4,2,2,Human
4,4,4,3,3,LLM
2,2,3,2,3,Human
3,3,4,3,3,LLM
0,0,3,2,1,Human
1,0,3,1,2,LLM
4,4,4,2,2,Human
4,4,4,3,3,LLM
4,4,4,2,2,Human
4,4,4,3,3,LLM
3,4,3,2,3,Human
3,4,4,3,3,LLM
4,4,4,2,3,Human
4,4,4,3,3,LLM
2,2,3,1,1,Human
3,3,4,3,3,LLM
4,4,4,2,2,Human
4,4,4,3,3,LLM
4,4,3,2,2,Human
3,4,4,3,3,LLM
4,4,4,2,3,Human
4,4,4,3,3,LLM
1,1,3,2,2,Human
2,1,3,2,2,LLM
4,4,4,2,2,Human
4,4,4,3,4,LLM
1,1,3,1,2,Human
2,1,3,3,3,LLM
4,4,4,3,2,Human
4,4,4,3,3,LLM
3,3,4,2,3,Human
4,4,4,3,3,LLM
4,4,4,1,3,Human
4,4,4,3,3,LLM
4,4,4,2,3,Human
4,4,4,3,3,LLM
3,3,4,2,3,Human
4,4,4,3,4,LLM
4,4,4,1,2,Human
4,4,4,3,3,LLM
1,1,4,2,1,Human
4,4,4,3,3,LLM
4,4,4,2,2,Human
4,4,4,3,4,LLM
3,4,4,1,2,Human
4,4,4,3,3,LLM
4,4,4,1,2,Human
4,4,4,3,3,LLM
0,0,4,1,2,Human
1,1,1,1,1,LLM
0,0,0,1,4,Human
4,4,4,3,3,LLM
3,3,3,1,2,Human
3,4,4,1,3,LLM
3,3,4,1,2,Human
4,4,4,3,4,LLM
3,3,4,1,3,Human
4,4,4,3,3,LLM
3,3,3,2,2,Human
3,3,4,3,3,LLM
4,4,4,1,2,Human
4,4,4,3,3,LLM
4,4,4,3,1,Human
4,4,4,4,4,LLM
0,0,3,0,0,Human
0,0,2,0,0,LLM
4,4,4,2,2,Human
4,4,4,2,3,LLM
3,3,4,2,2,Human
3,3,4,3,3,LLM
4,4,4,2,3,Human
4,4,4,3,3,LLM
3,1,4,2,1,Human
3,4,4,3,3,LLM
3,3,4,2,2,Human
4,4,4,3,3,LLM
4,4,4,1,2,Human
4,4,4,2,3,LLM
4,4,4,2,2,Human
4,4,4,3,3,LLM
3,3,4,1,2,Human
3,3,4,3,3,LLM
1,2,3,1,2,Human
4,4,4,3,4,LLM
4,4,4,1,2,Human
1,1,2,1,3,LLM
2,2,2,2,2,Human
3,2,3,2,3,LLM
0,0,4,1,0,Human
1,1,2,1,1,LLM
1,1,4,2,2,Human
4,4,4,3,3,LLM
3,2,3,2,2,Human
4,4,4,3,3,LLM
4,4,4,2,2,Human
4,4,4,3,4,LLM
2,2,2,2,1,Human
4,4,4,3,3,LLM
3,3,4,3,2,Human
4,4,4,3,3,LLM
3,4,3,1,0,Human
4,4,4,3,3,LLM
1,1,4,0,0,Human
1,3,4,1,1,LLM
1,1,3,1,1,Human
2,3,2,1,1,LLM
0,0,2,1,0,Human
3,4,4,2,4,LLM
4,4,4,1,1,Human
4,4,4,3,3,LLM
0,0,4,1,1,Human
1,1,2,1,1,LLM
3,3,4,1,2,Human
3,4,4,3,3,LLM
3,3,4,3,3,Human
4,4,4,3,3,LLM
4,4,4,3,2,Human
4,4,4,4,4,LLM
3,3,4,2,2,Human
4,4,4,3,4,LLM
4,4,4,1,3,Human
4,4,4,3,3,LLM
4,4,4,1,2,Human
4,4,4,3,3,LLM
2,3,3,3,3,Human
1,1,3,2,2,LLM
3,3,4,3,3,Human
2,1,3,1,3,LLM
4,4,4,1,2,Human
4,4,4,3,3,LLM
4,4,4,2,2,Human
4,4,4,3,3,LLM
1,1,4,1,1,Human
0,1,1,1,1,LLM
0,0,3,0,0,Human
0,0,1,0,0,LLM
0,0,2,2,0,Human
1,2,1,1,1,LLM
1,1,2,2,2,Human
1,1,1,1,3,LLM
1,2,3,2,1,Human
2,1,3,1,2,LLM
2,2,4,3,1,Human
2,3,3,2,2,LLM
0,0,4,1,1,Human
1,0,3,2,3,LLM
0,1,3,2,0,Human
0,0,1,0,0,LLM
0,0,2,1,1,Human
1,0,1,1,1,LLM
2,1,3,2,1,Human
1,1,3,2,2,LLM
0,0,2,2,2,Human
2,1,3,2,3,LLM
3,3,3,2,2,Human
4,4,4,3,4,LLM
2,1,4,2,2,Human
4,4,4,3,4,LLM
4,4,4,1,2,Human
4,4,4,3,4,LLM
1,2,3,1,3,Human
2,3,3,1,2,LLM
4,4,4,2,2,Human
4,4,4,3,4,LLM
3,4,3,2,2,Human
4,4,4,3,3,LLM
2,3,3,2,1,Human
1,1,2,2,2,LLM
1,1,4,2,2,Human
3,1,4,3,3,LLM
3,3,4,1,2,Human
4,4,4,3,4,LLM
1,1,4,1,2,Human
1,2,1,1,2,LLM
0,0,3,1,2,Human
3,2,4,2,3,LLM
3,3,4,4,3,Human
4,4,4,3,4,LLM
4,4,4,3,2,Human
3,4,4,3,4,LLM
3,3,4,2,2,Human
2,1,2,3,1,LLM
3,3,3,2,2,Human
4,4,4,2,4,LLM
2,2,2,0,3,Human
4,4,4,3,2,LLM
4,4,4,2,2,Human
4,4,4,3,2,LLM
3,3,4,2,2,Human
2,1,4,2,3,LLM
2,2,2,1,2,Human
2,3,3,2,2,LLM
4,4,4,2,3,Human
4,4,4,3,3,LLM
2,2,4,2,2,Human
4,4,4,3,3,LLM
3,3,4,2,2,Human
2,3,4,3,3,LLM
0,0,4,2,0,Human
0,2,2,0,0,LLM
3,2,3,2,2,Human
3,3,4,3,2,LLM
2,2,3,2,2,Human
4,4,4,3,3,LLM
4,4,4,2,2,Human
4,4,4,3,4,LLM
4,4,4,3,1,Human
4,4,4,3,4,LLM
0,0,4,1,1,Human
1,1,2,1,2,LLM
4,4,4,2,2,Human
4,4,4,3,3,LLM
0,0,3,0,0,Human
0,0,0,0,0,LLM
1,1,4,1,3,Human
3,4,4,3,3,LLM
4,4,4,2,2,Human
4,4,4,3,4,LLM
3,3,3,3,3,Human
4,4,4,3,3,LLM
4,4,4,2,2,Human
4,4,4,3,4,LLM
3,3,4,1,1,Human
3,2,4,3,3,LLM
3,4,3,2,3,Human
4,4,4,4,4,LLM
3,4,4,3,2,Human
3,3,4,2,3,LLM
3,3,3,2,2,Human
4,4,4,3,3,LLM
1,1,2,1,1,Human
2,2,2,1,2,LLM
0,0,0,2,1,Human
4,4,4,3,3,LLM
3,3,4,1,1,Human
4,4,4,3,3,LLM
4,4,4,2,0,Human
2,4,4,1,2,LLM
3,3,4,2,1,Human
3,4,4,1,1,LLM
0,0,3,1,2,Human
4,4,4,3,4,LLM
4,4,4,1,1,Human
4,4,4,1,2,LLM
1,1,1,2,4,Human
1,1,2,2,3,LLM
3,3,4,2,3,Human
3,4,4,2,1,LLM
0,0,4,1,2,Human
1,1,2,1,2,LLM
4,4,4,1,2,Human
4,4,4,3,4,LLM
1,1,4,2,2,Human
4,4,4,3,4,LLM
4,4,4,1,2,Human
4,4,4,3,3,LLM
3,3,4,2,2,Human
4,4,4,3,4,LLM
0,0,4,1,0,Human
1,2,1,1,1,LLM
4,4,4,2,2,Human
4,4,4,3,3,LLM
3,3,3,1,2,Human
4,4,4,3,3,LLM
4,4,4,2,3,Human
4,4,4,3,3,LLM
3,3,3,3,2,Human
4,4,4,3,3,LLM
4,4,4,3,2,Human
4,3,4,3,3,LLM
1,1,1,2,2,Human
1,1,1,1,0,LLM
2,2,4,3,2,Human
3,4,4,3,3,LLM
0,0,4,2,2,Human
2,1,4,3,3,LLM
3,3,3,2,2,Human
4,4,4,3,3,LLM
2,3,4,2,2,Human
3,3,4,3,3,LLM
3,3,4,1,2,Human
4,4,4,3,4,LLM
3,3,3,1,2,Human
4,4,4,3,4,LLM
4,4,4,1,2,Human
4,4,4,3,4,LLM
1,1,1,3,4,Human
4,4,4,3,2,LLM
0,0,4,1,1,Human
2,4,3,1,2,LLM
2,3,3,3,3,Human
4,4,4,3,3,LLM
1,0,2,1,2,Human
3,3,3,2,3,LLM
3,3,3,2,2,Human
4,4,4,3,4,LLM
4,4,4,2,2,Human
2,2,3,2,3,LLM
2,2,4,2,2,Human
3,4,4,3,3,LLM
4,4,3,3,2,Human
4,4,4,3,3,LLM
4,4,4,3,2,Human
4,4,4,3,3,LLM
2,4,3,0,2,Human
4,4,4,2,3,LLM
0,1,4,2,3,Human
4,4,4,3,2,LLM
4,4,4,2,2,Human
4,4,4,3,3,LLM
1,1,4,2,1,Human
4,4,4,3,3,LLM
3,4,4,3,3,Human
4,4,4,3,3,LLM
3,3,3,2,2,Human
4,4,4,3,4,LLM
0,1,3,0,0,Human
1,1,2,1,1,LLM
3,3,3,2,3,Human
4,4,4,3,3,LLM
4,4,4,1,0,Human
2,1,4,1,1,LLM
3,3,3,1,2,Human
4,4,4,3,3,LLM
4,4,4,2,2,Human
4,4,4,3,4,LLM
0,0,4,3,1,Human
3,2,4,3,3,LLM
4,4,4,2,3,Human
3,2,3,2,3,LLM
4,4,4,1,2,Human
4,4,4,3,4,LLM
4,4,4,2,2,Human
2,2,3,2,2,LLM
4,4,4,3,2,Human
3,3,4,2,3,LLM
0,0,3,1,0,Human
1,2,3,1,1,LLM
1,1,3,2,1,Human
4,4,4,3,4,LLM
3,3,4,3,1,Human
4,4,4,3,3,LLM
2,4,3,2,3,Human
3,4,4,3,3,LLM
2,1,3,2,2,Human
3,4,4,3,3,LLM
3,3,4,2,2,Human
4,4,4,3,3,LLM
3,3,4,1,2,Human
3,2,4,3,3,LLM
2,1,3,2,2,Human
4,4,4,3,3,LLM
2,2,4,1,3,Human
3,3,4,3,3,LLM
3,3,3,2,1,Human
4,4,4,3,3,LLM
3,3,4,2,3,Human
4,4,4,4,3,LLM
4,4,4,2,2,Human
4,4,4,4,4,LLM
0,1,3,2,3,Human
1,0,2,2,3,LLM
4,4,4,2,3,Human
4,4,4,3,3,LLM
3,3,3,2,2,Human
4,4,4,3,3,LLM
1,1,4,2,0,Human
2,2,3,1,3,LLM
3,3,4,1,2,Human
4,4,4,3,3,LLM
4,4,4,2,3,Human
3,3,4,3,3,LLM
4,4,4,2,1,Human
4,4,4,2,3,LLM
4,4,4,3,1,Human
4,4,4,2,3,LLM
4,4,4,1,1,Human
4,4,4,3,3,LLM
4,4,4,1,2,Human
3,2,4,3,4,LLM
2,3,3,2,2,Human
4,4,4,3,3,LLM
1,1,2,2,3,Human
3,3,4,2,3,LLM
3,3,3,1,3,Human
4,4,4,3,4,LLM
4,4,4,2,2,Human
4,4,4,3,3,LLM
4,4,4,1,1,Human
4,4,4,3,3,LLM
3,4,4,1,2,Human
4,4,4,3,3,LLM
0,0,4,1,3,Human
0,0,3,2,3,LLM
4,4,4,2,2,Human
4,4,4,3,4,LLM
3,3,4,2,2,Human
4,4,4,3,4,LLM
4,4,4,2,1,Human
4,4,4,3,3,LLM
3,3,3,3,2,Human
4,4,4,3,3,LLM
0,0,3,1,0,Human
0,0,0,0,1,LLM
4,4,4,1,3,Human
4,4,4,3,3,LLM
3,3,3,2,2,Human
4,4,4,3,3,LLM
4,4,4,1,2,Human
4,4,4,3,3,LLM
1,1,3,2,2,Human
1,0,2,2,3,LLM
4,4,4,2,2,Human
4,4,4,3,3,LLM
1,1,3,1,1,Human
4,4,4,3,4,LLM
1,1,3,2,1,Human
2,4,4,3,3,LLM
1,1,4,1,2,Human
3,2,4,2,4,LLM
3,3,4,1,2,Human
4,4,4,3,4,LLM
4,4,3,1,2,Human
4,4,4,3,3,LLM
2,2,3,1,2,Human
3,2,3,2,2,LLM
0,0,4,2,1,Human
1,1,3,1,2,LLM
4,4,4,2,2,Human
4,4,4,2,3,LLM
4,4,4,1,1,Human
4,4,4,2,3,LLM
3,4,3,2,2,Human
4,4,4,3,3,LLM
4,4,4,1,2,Human
4,4,4,3,3,LLM
2,2,2,2,2,Human
4,4,4,3,3,LLM
4,4,4,2,2,Human
4,4,4,3,4,LLM
4,4,3,1,3,Human
4,4,4,3,3,LLM
4,4,4,2,2,Human
4,4,4,3,4,LLM
3,3,4,1,1,Human
4,4,4,3,3,LLM
4,4,4,2,2,Human
4,4,4,3,4,LLM
1,1,2,2,1,Human
2,2,3,1,2,LLM
4,4,4,3,3,Human
4,4,4,3,3,LLM
4,4,4,3,2,Human
4,4,4,3,3,LLM
4,4,4,2,2,Human
4,4,4,3,3,LLM
3,4,4,2,3,Human
4,4,4,3,4,LLM
4,4,4,2,2,Human
4,4,4,3,3,LLM
3,4,3,3,2,Human
4,4,4,3,3,LLM
3,3,3,2,3,Human
4,4,4,3,4,LLM
3,4,4,2,2,Human
4,3,4,3,4,LLM
3,3,3,2,2,Human
4,4,4,3,3,LLM
3,3,4,1,3,Human
4,4,4,3,3,LLM
2,2,4,2,1,Human
2,3,3,2,2,LLM
4,4,4,2,2,Human
4,4,4,3,3,LLM
4,4,4,3,2,Human
4,4,4,3,4,LLM
3,3,4,3,2,Human
4,4,4,3,3,LLM
2,2,3,2,1,Human
2,3,3,2,2,LLM
4,4,4,2,2,Human
2,2,3,3,2,LLM
3,3,4,2,2,Human
4,4,4,3,3,LLM
3,4,4,2,2,Human
4,4,4,3,3,LLM
0,0,3,2,1,Human
3,3,4,2,2,LLM
4,4,4,0,0,Human
2,4,4,1,1,LLM
4,4,4,1,2,Human
4,4,4,3,3,LLM
3,4,4,2,2,Human
3,4,4,2,3,LLM
4,4,4,2,2,Human
3,4,4,3,3,LLM
4,4,4,1,2,Human
4,4,4,3,3,LLM
3,3,4,2,2,Human
2,2,3,2,3,LLM
1,1,3,1,1,Human
0,0,1,0,1,LLM
4,4,4,3,2,Human
4,4,4,3,3,LLM
4,4,4,3,2,Human
3,3,3,3,3,LLM
4,4,4,2,2,Human
4,4,4,3,4,LLM
4,4,4,3,3,Human
4,4,4,4,3,LLM
4,4,4,2,2,Human
4,4,4,3,3,LLM
3,4,4,1,2,Human
3,4,4,3,2,LLM
2,2,4,2,2,Human
4,4,4,3,3,LLM
3,3,4,2,3,Human
3,4,4,3,2,LLM
2,2,4,2,3,Human
3,2,3,3,2,LLM
0,0,1,2,3,Human
2,2,3,1,2,LLM
2,2,3,2,3,Human
4,4,4,3,3,LLM
3,4,4,2,2,Human
4,4,4,3,3,LLM
1,1,3,1,1,Human
2,2,2,1,1,LLM
4,4,4,3,2,Human
4,4,4,4,4,LLM
3,3,4,1,2,Human
4,4,4,3,3,LLM
3,3,4,2,3,Human
3,3,3,1,2,Human
4,4,4,3,3,LLM
4,4,4,2,2,Human
3,4,4,2,3,LLM
4,4,4,3,3,Human
4,4,4,3,3,LLM
2,2,2,3,2,Human
4,4,4,3,3,LLM
0,0,3,1,1,Human
2,3,4,1,2,LLM
4,4,4,1,2,Human
4,4,4,3,3,LLM
3,4,4,2,3,Human
4,4,4,3,3,LLM
3,3,4,2,3,Human
4,4,4,4,3,LLM
2,2,4,2,2,Human
4,4,4,3,3,LLM
3,3,4,1,2,Human
4,4,4,2,3,LLM
2,2,2,1,4,Human
4,3,4,3,4,LLM
4,4,4,1,1,Human
3,3,4,2,3,LLM
3,3,4,1,2,Human
4,4,4,3,3,LLM
4,4,4,3,2,Human
4,4,4,4,4,LLM
4,4,4,2,2,Human
4,4,4,3,3,LLM
3,3,3,2,3,Human
4,4,4,3,3,LLM
2,0,4,1,4,Human
2,3,3,2,2,LLM
4,4,4,1,2,Human
3,4,4,2,3,LLM
0,0,3,2,2,Human
3,3,4,3,3,LLM
4,4,4,2,2,Human
4,4,4,3,3,LLM
1,1,4,2,1,Human
3,4,4,3,3,LLM
4,4,4,1,2,Human
4,4,4,3,3,LLM
4,4,4,1,2,Human
4,4,4,3,4,LLM
3,3,4,2,3,Human
3,4,4,3,2,LLM
4,4,4,3,2,Human
4,4,4,3,3,LLM
1,1,4,2,2,Human
4,4,4,3,4,LLM
3,4,4,1,2,Human
4,4,4,3,3,LLM
4,4,4,3,2,Human
4,4,4,3,3,LLM
2,2,2,2,4,Human
3,3,2,2,2,LLM
4,4,4,2,2,Human
3,4,4,3,3,LLM
3,3,3,2,2,Human
4,4,4,3,3,LLM
3,3,4,1,2,Human
4,4,4,3,2,LLM
2,2,2,2,3,Human
4,4,4,3,3,LLM
2,2,3,2,3,Human
4,4,4,4,4,LLM
3,3,3,2,2,Human
4,4,4,3,3,LLM
3,3,3,2,2,Human
3,4,4,3,2,LLM
3,3,4,2,3,Human
4,4,4,3,3,LLM
2,2,3,1,3,Human
2,4,4,2,3,LLM
2,2,3,1,1,Human
3,3,4,3,3,LLM
4,4,4,2,2,Human
4,4,4,3,3,LLM
1,1,4,2,2,Human
4,4,4,3,3,LLM
3,3,3,2,2,Human
4,4,4,3,3,LLM
3,4,4,3,3,Human
1,1,3,2,3,LLM
3,3,4,1,3,Human
4,4,4,3,4,LLM
2,2,4,2,2,Human
2,2,3,1,2,LLM
3,3,3,2,0,Human
3,4,4,2,2,LLM
0,0,3,2,3,Human
4,4,4,3,3,LLM
0,0,4,1,1,Human
2,1,3,2,3,LLM
4,4,4,1,2,Human
3,4,4,3,3,LLM
3,3,4,2,2,Human
4,4,4,3,3,LLM
0,0,4,1,1,Human
2,2,3,1,2,LLM
1,1,3,1,1,Human
1,1,1,1,2,LLM
4,4,4,2,1,Human
4,4,4,3,4,LLM
3,3,4,2,1,Human
4,4,4,3,4,LLM
2,4,4,1,2,Human
4,4,4,3,3,LLM
1,1,3,2,2,Human
4,4,4,3,3,LLM
3,3,4,1,3,Human
4,4,4,3,3,LLM
0,0,2,2,2,Human
1,0,1,2,2,LLM
3,4,3,2,2,Human
3,3,3,2,3,LLM
4,4,4,2,2,Human
4,4,4,3,4,LLM
3,3,4,2,3,Human
4,4,4,3,3,LLM
4,4,4,2,2,Human
4,4,4,3,4,LLM
2,2,4,1,2,Human
4,4,4,3,3,LLM
4,4,4,1,1,Human
4,4,4,3,3,LLM
4,4,4,2,2,Human
4,4,4,3,3,LLM
3,3,4,1,2,Human
3,3,4,3,4,LLM
2,2,3,1,2,Human
3,3,4,2,4,LLM
4,4,4,1,4,Human
3,4,3,3,2,LLM
4,4,4,1,2,Human
3,2,4,3,3,LLM
3,3,4,2,2,Human
4,4,4,4,4,LLM
0,0,4,2,2,Human
1,0,2,2,3,LLM
3,3,4,2,2,Human
3,4,4,2,2,LLM
1,1,3,2,2,Human
4,4,4,4,3,LLM
0,0,4,2,1,Human
1,1,1,1,1,LLM
3,4,4,2,2,Human
3,2,3,3,3,LLM
4,1,4,0,0,Human
3,4,4,2,3,LLM
3,3,3,2,2,Human
3,4,4,2,3,LLM
4,4,4,1,1,Human
3,4,4,2,2,LLM
3,4,3,2,2,Human
4,4,4,3,2,LLM
4,4,4,2,2,Human
2,2,3,2,3,LLM
4,4,4,1,2,Human
4,4,4,3,3,LLM
3,1,4,1,2,Human
2,2,4,3,3,LLM
4,4,4,1,0,Human
2,2,4,1,2,LLM
0,0,4,1,2,Human
1,0,3,1,2,LLM
0,0,4,2,2,Human
1,0,3,3,2,LLM
4,4,4,2,2,Human
4,4,4,3,3,LLM
4,4,4,1,2,Human
3,3,4,3,4,LLM
3,3,3,2,2,Human
4,4,4,3,4,LLM
2,2,3,2,1,Human
3,3,4,2,3,LLM
3,3,3,2,2,Human
4,4,4,3,3,LLM
4,3,4,2,1,Human
4,4,4,3,3,LLM
4,4,4,2,2,Human
4,4,4,3,3,LLM
2,2,3,2,3,Human
4,4,4,3,4,LLM
4,4,4,2,3,Human
4,4,4,3,3,LLM
4,4,4,3,2,Human
2,1,3,2,2,LLM
3,3,4,2,2,Human
4,4,4,4,3,LLM
4,4,4,1,1,Human
2,4,4,1,1,LLM
4,4,4,0,1,Human
4,4,4,3,3,LLM
4,4,4,0,2,Human
4,4,4,3,3,LLM
2,2,4,2,3,Human
4,4,4,2,3,LLM
3,3,3,2,2,Human
4,4,4,3,3,LLM
4,4,4,1,2,Human
4,4,4,3,3,LLM
4,4,4,2,2,Human
2,1,3,3,3,LLM
3,3,3,2,2,Human
4,4,4,3,3,LLM
3,3,3,1,2,Human
4,4,4,3,3,LLM
4,4,4,3,2,Human
4,4,4,3,4,LLM
2,2,2,1,4,Human
4,4,4,3,3,LLM
3,4,3,2,3,Human
4,4,4,3,2,LLM
4,4,4,3,2,Human
2,2,4,3,4,LLM
2,2,4,2,1,Human
1,4,3,1,2,LLM
3,3,4,3,2,Human
4,4,4,3,4,LLM
3,3,4,3,1,Human
4,4,4,3,2,LLM
3,3,3,2,2,Human
4,4,4,3,3,LLM
3,3,4,1,2,Human
4,4,4,3,3,LLM
1,1,2,2,1,Human
1,1,2,1,2,LLM
4,4,4,0,0,Human
1,1,3,1,2,LLM
4,4,4,4,2,Human
3,3,4,3,3,LLM
3,4,4,3,2,Human
2,1,3,3,3,LLM
2,2,4,1,2,Human
4,4,4,3,3,LLM
2,2,3,1,1,Human
3,2,4,2,3,LLM
0,0,4,1,2,Human
2,1,3,2,3,LLM
2,2,3,2,2,Human
4,4,4,3,4,LLM
3,3,3,1,2,Human
3,3,4,2,3,LLM
4,4,4,2,3,Human
4,4,4,3,3,LLM
2,2,3,1,1,Human
2,2,3,2,3,LLM
0,0,4,0,2,Human
1,3,3,1,4,LLM
4,4,4,2,2,Human
3,3,4,3,2,LLM
3,3,3,3,1,Human
4,4,4,3,3,LLM
1,1,1,1,1,Human
2,2,2,2,2,LLM
0,0,3,0,0,Human
0,0,2,0,0,LLM
2,2,2,1,0,Human
2,4,4,2,2,LLM
3,3,4,2,2,Human
3,4,4,3,3,LLM
4,4,4,2,3,Human
4,4,4,3,3,LLM
1,1,4,2,2,Human
4,4,4,3,3,LLM
4,4,4,1,2,Human
3,3,4,2,3,LLM
4,4,4,3,2,Human
4,4,4,3,3,LLM
4,4,4,1,1,Human
4,4,4,3,4,LLM
4,4,4,2,2,Human
4,3,4,3,3,LLM
3,3,3,1,2,Human
4,4,4,2,3,LLM
1,1,4,2,2,Human
3,1,4,3,3,LLM
3,3,4,3,2,Human
3,3,4,3,3,LLM
4,4,4,3,3,Human
4,4,4,3,3,LLM
4,4,4,1,3,Human
4,4,4,3,3,LLM
3,3,4,2,1,Human
3,4,4,3,3,LLM
4,4,4,2,2,Human
4,4,4,3,3,LLM
1,1,4,2,2,Human
3,3,4,3,3,LLM
3,3,4,2,2,Human
4,4,4,3,3,LLM
4,4,4,0,2,Human
4,4,4,2,3,LLM
2,3,2,2,2,Human
4,4,4,3,3,LLM
1,3,2,1,2,Human
3,3,4,2,3,LLM
3,4,4,1,2,Human
3,3,2,2,3,LLM
2,2,4,1,2,Human
3,4,4,3,3,LLM
4,4,4,2,1,Human
4,4,4,3,4,LLM
3,3,4,2,2,Human
4,4,4,2,3,LLM
4,4,4,3,3,Human
4,4,4,3,3,LLM
4,4,4,2,1,Human
4,4,4,3,3,LLM
4,4,4,2,2,Human
2,3,4,2,3,LLM
4,4,4,2,2,Human
4,4,4,3,3,LLM
0,0,4,0,0,Human
3,4,4,2,3,LLM
3,3,4,1,2,Human
4,4,4,3,3,LLM
2,2,2,2,2,Human
1,3,2,1,3,LLM
4,4,4,2,2,Human
4,4,4,3,3,LLM
4,4,4,2,2,Human
4,4,4,3,3,LLM
2,2,4,2,2,Human
4,4,4,3,3,LLM
4,4,4,1,2,Human
4,4,4,3,4,LLM
4,4,4,2,2,Human
4,4,4,3,3,LLM
4,4,4,2,4,Human
4,4,4,3,2,LLM
4,4,4,2,1,Human
4,4,4,3,3,LLM
3,3,4,2,3,Human
4,4,4,3,3,LLM
4,4,4,2,2,Human
1,1,2,1,2,LLM
3,3,4,2,2,Human
4,4,4,3,3,LLM
2,2,3,2,2,Human
4,4,4,3,3,LLM
4,4,4,1,0,Human
2,3,3,2,2,LLM
2,3,3,0,1,Human
2,2,3,1,1,LLM
3,3,4,2,2,Human
4,4,4,3,3,LLM
4,4,4,1,1,Human
4,4,4,2,4,LLM
3,4,3,2,2,Human
3,3,4,3,3,LLM
2,2,4,2,2,Human
3,3,4,3,3,LLM
1,1,2,3,2,Human
1,1,2,1,2,LLM
4,4,4,2,2,Human
4,4,4,3,3,LLM
4,4,4,0,0,Human
2,2,3,2,2,LLM
0,0,4,0,2,Human
4,4,4,3,3,LLM
4,4,4,0,2,Human
4,4,4,3,2,LLM
3,3,4,1,2,Human
4,4,4,3,3,LLM
3,3,3,1,2,Human
4,4,4,3,2,LLM
2,1,4,1,1,Human
4,4,4,3,3,LLM
3,4,4,1,2,Human
4,4,4,3,3,LLM
0,0,4,0,0,Human
1,1,3,1,1,LLM
1,1,2,1,2,Human
4,4,4,2,3,LLM
1,1,4,1,0,Human
2,3,4,1,2,LLM
3,3,4,2,2,Human
4,3,4,3,3,LLM
3,3,3,3,1,Human
3,3,4,3,2,LLM
3,3,4,2,2,Human
3,2,4,3,3,LLM
2,2,4,2,3,Human
4,4,4,3,4,LLM
1,1,3,1,0,Human
1,4,4,1,2,LLM
3,3,4,1,2,Human
4,4,4,3,4,LLM
4,4,4,2,3,Human
4,4,4,3,3,LLM
4,4,4,2,2,Human
4,4,4,3,3,LLM
0,0,3,2,3,Human
3,3,4,3,3,LLM
4,4,4,2,2,Human
4,4,4,3,4,LLM
4,4,4,2,2,Human
4,4,4,3,3,LLM
4,4,4,2,2,Human
4,4,4,3,3,LLM
4,4,4,2,2,Human
3,2,4,3,3,LLM
4,4,4,2,3,Human
4,4,4,3,3,LLM
4,4,4,3,2,Human
4,4,4,3,4,LLM
2,3,4,2,2,Human
4,4,4,3,3,LLM
1,1,2,1,2,Human
2,2,3,2,3,LLM
1,1,2,3,2,Human
2,1,2,2,3,LLM
4,4,4,1,2,Human
4,4,4,3,4,LLM
3,3,4,2,2,Human
4,4,4,3,3,LLM
4,4,4,3,2,Human
4,4,4,3,4,LLM
4,4,4,2,2,Human
4,4,4,3,3,LLM
3,3,4,1,1,Human
4,4,4,3,3,LLM
4,4,4,2,3,Human
4,4,4,3,4,LLM
2,2,3,2,2,Human
4,4,4,3,3,LLM
4,4,4,2,2,Human
2,2,3,1,2,LLM
3,3,4,2,2,Human
3,3,4,2,2,LLM
3,3,4,3,3,Human
4,4,4,3,3,LLM
0,0,4,2,3,Human
2,2,3,2,3,LLM
1,1,3,0,3,Human
4,4,4,3,3,LLM
4,4,4,2,3,Human
4,4,4,3,3,LLM
4,4,4,3,1,Human
3,4,4,3,3,LLM
0,0,2,3,1,Human
2,3,4,3,3,LLM
0,0,4,2,0,Human
1,0,2,1,1,LLM
4,4,4,2,2,Human
3,4,4,2,2,LLM
3,3,3,2,2,Human
3,4,4,3,3,LLM
4,4,4,3,2,Human
4,4,4,3,4,LLM
3,3,3,1,1,Human
3,4,4,2,3,LLM
4,4,4,2,3,Human
4,4,4,3,3,LLM
3,3,3,3,3,Human
4,4,4,3,3,LLM
3,3,4,2,1,Human
4,4,4,3,3,LLM
3,3,4,2,2,Human
4,4,4,3,3,LLM
3,3,3,3,2,Human
4,4,4,3,3,LLM
0,0,4,2,3,Human
1,4,1,1,4,LLM
3,3,3,2,2,Human
3,3,4,3,3,LLM
3,4,4,2,2,Human
4,4,4,3,3,LLM
3,3,3,2,3,Human
2,1,2,2,3,LLM
0,0,4,0,1,Human
1,0,1,1,1,LLM
4,4,4,0,1,Human
1,4,4,1,1,LLM
3,4,3,2,1,Human
4,4,4,3,3,LLM
3,3,4,2,2,Human
3,3,4,3,3,LLM
4,4,4,2,2,Human
4,4,4,3,3,LLM
3,3,4,1,3,Human
4,4,4,2,3,LLM
4,4,4,2,2,Human
4,4,4,3,3,LLM
1,1,4,1,1,Human
4,4,4,3,4,LLM
4,4,4,0,2,Human
4,4,4,3,4,LLM
0,0,2,1,2,Human
4,4,4,1,3,LLM
4,4,4,2,2,Human
4,4,4,3,3,LLM
4,4,4,2,2,Human
4,4,4,3,3,LLM
3,4,3,2,2,Human
4,4,4,3,3,LLM
4,4,4,2,2,Human
4,4,4,3,4,LLM
2,2,4,3,2,Human
4,4,4,3,4,LLM
3,4,4,2,1,Human
4,4,4,3,3,LLM
2,2,4,2,4,Human
4,4,4,3,4,LLM
4,4,4,1,2,Human
4,4,4,3,4,LLM
4,4,4,2,3,Human
4,4,4,1,1,LLM
1,1,4,1,3,Human
3,2,3,3,2,LLM
1,2,3,2,1,Human
2,3,3,1,2,LLM
4,4,4,2,1,Human
4,4,4,2,2,LLM
3,4,3,3,2,Human
4,4,4,3,4,LLM
1,1,4,1,0,Human
2,2,4,1,1,LLM
4,4,4,1,2,Human
3,4,4,3,3,LLM
3,4,4,2,2,Human
3,3,4,3,3,LLM
2,2,4,2,2,Human
4,4,4,3,4,LLM
3,4,3,2,2,Human
4,4,4,3,3,LLM
4,4,4,2,2,Human
4,4,4,3,3,LLM
0,0,3,2,2,Human
1,0,3,2,2,LLM
4,4,4,2,2,Human
2,1,3,3,2,LLM
4,4,4,2,2,Human
4,4,4,3,3,LLM
3,3,4,2,3,Human
3,3,4,2,3,LLM
4,4,4,3,2,Human
4,3,4,4,3,LLM
3,4,3,2,2,Human
4,4,4,3,4,LLM
4,4,4,2,2,Human
4,4,4,3,4,LLM
2,2,2,2,1,Human
4,4,4,3,3,LLM
4,4,4,2,2,Human
4,4,4,3,3,LLM
4,4,4,1,2,Human
4,4,4,3,4,LLM
4,4,4,2,3,Human
4,4,4,3,3,LLM
3,3,4,2,2,Human
4,4,4,3,3,LLM
4,4,4,1,2,Human
4,4,4,3,3,LLM
2,2,3,2,2,Human
4,4,4,3,3,LLM
4,4,4,3,2,Human
4,4,4,3,4,LLM
4,4,4,3,2,Human
4,4,4,3,3,LLM
3,4,4,1,1,Human
3,4,4,2,3,LLM
4,4,4,1,2,Human
4,4,4,2,3,LLM
4,4,4,2,3,Human
3,3,3,2,2,LLM
4,4,4,1,2,Human
4,4,4,3,3,LLM
4,4,4,1,2,Human
4,4,4,3,3,LLM
3,3,3,1,2,Human
3,3,4,2,3,LLM
1,1,3,2,4,Human
4,4,4,3,3,LLM
2,2,4,4,3,Human
3,2,4,4,3,LLM
4,4,4,2,2,Human
4,4,4,3,3,LLM
3,3,3,2,2,Human
4,4,4,3,3,LLM
0,0,3,0,0,Human
1,1,2,1,1,LLM
3,3,4,0,2,Human
4,4,4,3,4,LLM
2,2,4,1,1,Human
4,4,4,3,3,LLM
3,4,4,2,2,Human
4,4,4,3,3,LLM
4,4,4,2,2,Human
4,4,4,3,3,LLM
4,4,4,2,2,Human
4,4,4,3,3,LLM
4,4,4,2,2,Human
4,4,4,4,3,LLM
3,3,4,2,2,Human
4,4,4,3,3,LLM
4,4,4,2,2,Human
4,4,4,3,3,LLM
4,4,4,1,1,Human
3,4,4,1,1,LLM
4,4,4,1,4,Human
4,4,4,3,3,LLM
4,4,4,2,2,Human
4,4,4,3,4,LLM
4,4,4,2,3,Human
3,4,4,1,2,LLM
3,3,4,1,2,Human
4,4,4,3,4,LLM
3,3,4,2,2,Human
4,4,4,3,4,LLM
1,1,3,2,2,Human
2,1,3,3,2,LLM
3,4,3,1,4,Human
4,4,4,3,3,LLM
3,3,4,2,2,Human
4,3,4,3,3,LLM
4,4,4,2,2,Human
4,4,4,3,3,LLM
4,4,4,2,3,Human
4,4,4,3,3,LLM
4,4,4,2,2,Human
4,4,4,3,3,LLM
4,4,4,2,2,Human
4,4,4,3,4,LLM
3,4,3,2,2,Human
4,4,4,3,3,LLM
3,3,4,2,3,Human
4,4,4,3,4,LLM
4,4,4,2,2,Human
4,4,4,3,3,LLM
4,4,4,1,2,Human
4,4,4,3,3,LLM
4,4,4,2,3,Human
3,3,4,3,3,LLM
3,3,3,1,1,Human
4,4,4,3,4,LLM
4,4,4,2,2,Human
3,3,4,3,3,LLM
1,1,4,1,3,Human
4,4,4,2,3,LLM
2,3,3,2,2,Human
4,4,4,3,2,LLM
4,4,4,2,3,Human
4,4,4,3,3,LLM
3,3,4,1,2,Human
3,2,4,2,3,LLM
4,4,4,1,2,Human
4,4,4,3,3,LLM
4,4,4,3,2,Human
4,4,4,4,3,LLM
1,1,2,2,4,Human
2,3,2,1,1,LLM
4,4,4,2,3,Human
4,4,4,3,3,LLM
2,2,4,2,2,Human
4,3,4,3,3,LLM
4,4,4,2,2,Human
4,4,4,3,4,LLM
4,4,4,3,3,Human
4,4,4,3,3,LLM
4,4,4,3,3,Human
4,4,4,3,4,LLM
4,4,4,3,4,Human
4,3,4,3,3,LLM
3,3,4,1,2,Human
2,3,4,2,3,LLM
3,4,3,1,3,Human
4,4,4,3,4,LLM
3,3,4,1,3,Human
4,4,4,3,4,LLM
4,4,4,2,3,Human
4,4,4,3,3,LLM
3,4,3,1,1,Human
4,4,4,2,1,LLM
4,4,3,2,2,Human
4,4,4,2,3,LLM
3,4,4,2,2,Human
4,4,4,3,3,LLM
4,4,4,2,2,Human
4,4,4,3,3,LLM
4,4,4,2,3,Human
4,4,4,3,3,LLM
4,4,4,2,2,Human
4,4,4,3,3,LLM
3,3,3,4,1,Human
3,3,4,3,3,LLM
4,4,4,1,3,Human
4,4,4,3,3,LLM
3,3,4,1,1,Human
4,4,4,3,3,LLM
4,4,4,2,1,Human
3,3,4,3,3,LLM
2,2,3,2,3,Human
3,3,4,2,3,LLM
2,2,4,2,2,Human
3,3,4,3,2,LLM
4,1,4,2,2,Human
3,2,4,2,3,LLM
4,4,4,1,1,Human
4,4,4,1,2,LLM
1,1,3,1,2,Human
2,1,3,2,2,LLM
3,3,3,2,2,Human
4,4,4,3,3,LLM
4,4,4,2,2,Human
3,3,4,3,3,LLM
2,1,4,2,2,Human
4,4,4,3,4,LLM
2,2,4,2,1,Human
4,4,4,3,3,LLM
4,4,4,2,2,Human
4,4,4,3,3,LLM
2,2,2,2,3,Human
4,4,4,3,3,LLM
3,3,3,2,2,Human
4,4,4,3,3,LLM
3,3,4,3,2,Human
4,4,4,3,3,LLM
3,4,3,2,2,Human
3,4,4,3,3,LLM
4,4,4,3,3,Human
4,4,4,3,3,LLM
3,3,4,2,2,Human
3,3,4,3,3,LLM
4,4,4,2,2,Human
4,4,4,3,4,LLM
3,3,4,2,2,Human
4,4,4,3,3,LLM
3,4,4,2,2,Human
4,4,4,3,3,LLM
2,2,2,2,2,Human
3,2,3,2,2,LLM
2,2,4,2,2,Human
4,4,4,3,3,LLM
3,3,3,3,2,Human
4,3,4,3,4,LLM
3,4,4,1,1,Human
3,4,4,1,2,LLM
3,3,4,1,2,Human
4,4,4,3,3,LLM
4,4,4,1,2,Human
3,2,4,3,2,LLM
3,3,3,2,2,Human
4,4,4,3,4,LLM
3,3,3,2,2,Human
4,4,4,3,4,LLM
2,2,3,3,2,Human
3,3,4,3,3,LLM
4,4,4,3,3,Human
4,4,4,1,2,LLM
3,4,3,3,2,Human
4,4,4,1,2,LLM
0,0,4,2,4,Human
4,4,4,3,3,LLM
3,4,4,2,2,Human
4,4,4,3,3,LLM
4,4,4,3,2,Human
4,4,4,3,3,LLM
4,4,4,3,2,Human
3,3,4,3,3,LLM
2,3,2,2,3,Human
3,3,4,3,3,LLM
3,4,3,2,2,Human
4,4,4,3,3,LLM
3,3,4,3,2,Human
4,4,4,3,4,LLM
2,3,2,2,4,Human
4,4,4,3,2,LLM
4,4,4,2,1,Human
4,4,4,2,3,LLM
3,3,4,2,2,Human
4,4,4,3,3,LLM
2,2,3,2,3,Human
3,2,4,3,3,LLM
3,3,4,2,3,Human
4,4,4,3,4,LLM
3,4,3,2,3,Human
4,4,4,3,4,LLM
3,3,4,2,2,Human
4,4,4,3,3,LLM
3,4,3,2,3,Human
2,1,4,3,3,LLM
3,3,3,2,2,Human
4,4,4,3,3,LLM
4,4,4,1,2,Human
4,4,4,3,3,LLM
3,3,4,2,2,Human
4,4,4,3,3,LLM
0,0,3,1,2,Human
4,4,4,3,3,LLM
4,4,4,1,1,Human
3,4,4,3,3,LLM
3,3,4,2,2,Human
4,4,4,3,4,LLM
3,3,3,1,3,Human
3,4,4,3,3,LLM
4,4,4,1,3,Human
4,4,4,3,3,LLM
4,4,4,1,1,Human
3,4,4,1,2,LLM
4,4,4,3,2,Human
4,4,4,3,3,LLM
4,4,4,3,1,Human
4,4,4,3,3,LLM
4,4,4,3,1,Human
4,4,4,3,4,LLM
1,2,4,1,3,Human
3,4,4,3,3,LLM
3,3,4,1,1,Human
4,4,4,3,4,LLM
3,3,4,2,4,Human
4,4,4,3,3,LLM
0,1,4,1,3,Human
4,4,4,3,3,LLM
3,3,4,2,3,Human
4,4,4,3,3,LLM
0,0,4,2,3,Human
3,2,4,3,3,LLM
1,2,4,1,2,Human
2,3,4,2,3,LLM
4,4,4,2,2,Human
4,4,4,3,2,LLM
4,3,4,2,2,Human
3,3,4,2,3,LLM
4,4,4,2,2,Human
4,4,4,4,4,LLM
4,4,4,2,3,Human
1,1,3,3,2,LLM
1,1,3,1,3,Human
3,4,4,1,1,LLM
0,0,2,2,3,Human
4,4,4,4,3,LLM
4,4,4,1,0,Human
3,4,4,1,1,LLM
3,3,3,3,2,Human
4,4,4,4,3,LLM
3,3,4,1,2,Human
3,2,4,2,3,LLM
4,4,4,2,2,Human
4,4,4,3,3,LLM
3,3,4,2,3,Human
4,4,4,3,3,LLM
4,4,3,1,3,Human
4,4,4,3,3,LLM
4,4,4,1,2,Human
4,4,4,3,3,LLM
3,3,4,1,2,Human
4,4,4,3,3,LLM
4,4,4,1,2,Human
4,4,4,3,3,LLM
4,4,4,3,4,Human
4,4,4,3,4,LLM
4,4,4,2,3,Human
4,4,4,3,4,LLM
4,4,4,2,2,Human
4,4,4,3,4,LLM
2,2,4,2,2,Human
4,3,4,3,3,LLM
1,1,4,2,1,Human
3,3,4,2,3,LLM
4,4,4,2,2,Human
3,2,4,2,3,LLM
0,0,4,2,2,Human
2,1,4,3,3,LLM
3,3,4,2,2,Human
3,4,4,2,3,LLM
4,4,4,3,2,Human
4,4,4,3,3,LLM
3,3,3,2,2,Human
4,4,4,2,3,LLM
4,4,4,1,1,Human
4,4,4,2,4,LLM
0,0,2,2,2,Human
2,2,3,2,3,LLM
1,1,3,1,2,Human
3,3,4,2,3,LLM
3,3,4,1,2,Human
3,4,4,3,3,LLM
4,4,4,2,2,Human
4,4,4,3,3,LLM
3,3,4,2,3,Human
4,4,4,3,3,LLM
3,3,4,3,4,Human
4,4,4,3,3,LLM
4,4,4,1,2,Human
4,4,4,3,3,LLM
2,2,4,2,2,Human
2,1,3,2,3,LLM
4,4,4,3,3,Human
2,1,3,2,3,LLM
2,2,4,2,1,Human
4,4,4,3,4,LLM
4,4,4,2,2,Human
4,4,4,3,3,LLM
4,4,4,2,2,Human
4,4,4,3,3,LLM
3,3,3,2,3,Human
4,4,4,3,3,LLM
2,2,3,2,3,Human
1,1,2,1,1,LLM
4,4,4,2,2,Human
4,4,4,4,4,LLM
3,4,4,3,2,Human
4,4,4,3,3,LLM
4,4,4,2,2,Human
4,4,4,3,3,LLM
4,4,4,1,2,Human
4,4,4,3,4,LLM
4,4,4,2,2,Human
4,4,4,3,3,LLM
4,4,4,2,2,Human
2,3,3,1,1,LLM
4,4,4,2,3,Human
3,4,4,3,3,LLM
4,4,4,1,1,Human
4,4,4,4,4,LLM
3,3,4,1,2,Human
3,4,4,2,3,LLM
2,2,4,1,2,Human
3,3,4,3,2,LLM
0,0,3,2,2,Human
4,4,4,3,3,LLM
3,3,4,2,3,Human
3,3,4,2,3,LLM
2,2,3,2,3,Human
4,4,4,3,3,LLM
4,4,4,2,2,Human
4,4,4,3,3,LLM
3,4,3,2,1,Human
4,4,4,3,4,LLM
0,0,1,0,0,Human
2,4,4,1,4,LLM
0,1,3,2,4,Human
4,4,4,3,3,LLM
4,4,4,2,2,Human
4,4,4,3,3,LLM
2,2,3,1,0,Human
3,2,4,2,3,LLM
4,4,4,2,2,Human
4,4,4,3,3,LLM
4,4,4,1,3,Human
3,3,3,2,2,LLM
3,3,3,1,4,Human
3,3,4,2,3,LLM
3,3,4,2,2,Human
4,4,4,3,4,LLM
3,3,3,1,2,Human
3,3,4,2,3,LLM
3,3,3,3,3,Human
4,4,4,3,3,LLM
1,1,3,2,3,Human
3,2,4,3,3,LLM
4,4,4,2,3,Human
3,4,4,3,2,LLM
4,4,4,1,2,Human
4,4,4,2,3,LLM
4,4,4,3,2,Human
3,4,4,3,3,LLM
4,4,4,1,2,Human
4,4,4,3,3,LLM
3,3,4,1,2,Human
3,3,4,3,3,LLM
1,1,3,0,1,Human
2,2,4,1,3,LLM
4,4,4,2,2,Human
4,4,4,3,3,LLM
2,2,3,2,1,Human
4,4,4,3,4,LLM
3,3,4,2,2,Human
3,3,4,3,2,LLM
3,3,3,2,2,Human
4,4,4,3,4,LLM
3,3,3,2,2,Human
4,4,4,3,3,LLM
2,2,3,2,2,Human
3,2,4,3,3,LLM
4,4,4,2,3,Human
4,4,4,3,3,LLM
4,4,4,1,1,Human
3,4,4,2,2,LLM
2,3,3,2,2,Human
4,4,4,3,4,LLM
3,4,3,2,2,Human
4,4,4,3,3,LLM
4,4,4,1,1,Human
4,4,4,2,3,LLM
4,4,4,3,2,Human
3,3,4,3,3,LLM
4,4,4,2,2,Human
3,4,4,2,3,LLM
4,4,4,1,1,Human
3,4,4,2,3,LLM
3,4,4,1,2,Human
4,4,4,3,4,LLM
3,4,3,2,2,Human
4,4,4,3,3,LLM
4,4,4,2,2,Human
4,4,4,3,3,LLM
4,4,4,2,2,Human
4,4,4,3,3,LLM
4,4,4,1,2,Human
4,4,4,3,3,LLM
4,4,4,2,2,Human
4,4,4,3,3,LLM
2,2,2,1,2,Human
4,4,4,3,3,LLM
2,2,3,2,2,Human
3,3,4,2,3,LLM
1,1,3,3,2,Human
4,4,4,3,4,LLM
3,3,4,1,2,Human
4,4,4,3,3,LLM
4,4,4,2,2,Human
4,4,4,3,3,LLM
3,3,4,2,2,Human
4,4,4,3,3,LLM
4,4,4,2,2,Human
4,4,4,3,3,LLM
1,1,4,2,1,Human
2,2,3,1,1,LLM
2,2,3,1,1,Human
4,4,4,2,3,LLM
4,4,4,1,1,Human
3,4,4,1,2,LLM
1,1,2,1,2,Human
2,1,3,2,3,LLM
3,3,4,1,3,Human
4,4,4,3,3,LLM
4,4,4,2,2,Human
4,4,4,3,3,LLM
4,4,4,2,2,Human
3,4,3,2,2,LLM
4,4,4,2,2,Human
4,3,4,4,4,LLM
3,3,4,0,3,Human
3,3,4,3,4,LLM
4,4,4,2,3,Human
4,4,4,3,4,LLM
2,2,4,2,2,Human
4,4,4,3,3,LLM
4,4,4,2,2,Human
4,4,4,3,2,LLM
4,4,4,2,3,Human
3,4,4,2,3,LLM
3,3,4,2,3,Human
4,4,4,3,3,LLM
3,3,4,1,2,Human
4,4,4,3,3,LLM
1,1,3,1,3,Human
2,1,3,2,3,LLM
3,3,4,1,2,Human
4,4,4,3,3,LLM
3,3,4,2,2,Human
4,4,4,3,3,LLM
2,1,4,1,1,Human
4,4,4,3,4,LLM
3,3,3,2,2,Human
4,4,4,3,3,LLM
3,4,3,2,2,Human
4,4,4,3,3,LLM
2,2,4,2,2,Human
3,3,4,3,3,LLM
4,4,4,2,2,Human
4,4,4,3,3,LLM
2,1,3,2,2,Human
4,4,4,3,3,LLM
3,3,4,1,2,Human
3,2,4,3,3,LLM
3,3,3,2,2,Human
4,4,4,3,3,LLM
1,1,2,0,0,Human
3,4,4,1,2,LLM
4,4,4,1,2,Human
4,4,4,3,4,LLM
3,3,3,1,2,Human
3,4,4,2,3,LLM
4,4,4,3,2,Human
4,4,4,3,4,LLM
4,4,4,3,2,Human
4,4,4,3,3,LLM
2,2,3,2,2,Human
4,4,4,3,3,LLM
4,4,4,2,2,Human
4,4,4,4,4,LLM
3,3,4,2,2,Human
4,4,4,3,4,LLM
2,2,3,2,2,Human
2,2,3,1,2,LLM
3,4,4,3,2,Human
4,4,4,3,3,LLM
3,3,2,2,2,Human
4,4,4,3,4,LLM
3,3,4,2,2,Human
4,4,4,3,3,LLM
4,4,4,1,2,Human
4,4,4,2,3,LLM
3,3,4,1,2,Human
4,4,4,3,3,LLM
3,3,4,2,3,Human
4,4,4,3,3,LLM
3,3,3,3,3,Human
4,4,4,3,2,LLM
4,4,4,3,2,Human
3,3,4,3,3,LLM
4,4,4,2,1,Human
4,4,4,3,4,LLM
2,3,3,2,2,Human
4,4,4,3,4,LLM
3,3,4,1,2,Human
4,4,4,3,4,LLM
2,2,4,2,1,Human
3,3,3,2,3,LLM
4,4,4,2,2,Human
4,4,4,3,3,LLM
4,4,4,2,2,Human
4,4,4,3,4,LLM
4,4,4,1,2,Human
4,4,4,3,3,LLM
3,3,3,2,2,Human
3,3,4,3,3,LLM
3,3,4,2,3,Human
4,4,4,3,2,LLM
2,2,3,2,2,Human
4,4,4,3,3,LLM
4,4,4,1,2,Human
4,4,4,3,4,LLM
4,4,4,2,3,Human
4,4,4,3,3,LLM
2,2,3,3,2,Human
4,4,4,3,3,LLM
4,4,4,3,2,Human
4,4,4,3,3,LLM
1,1,4,1,4,Human
1,1,3,1,2,LLM
3,3,3,1,2,Human
3,3,4,2,3,LLM
3,3,4,3,2,Human
3,2,4,3,3,LLM
1,0,4,2,3,Human
2,4,4,3,3,LLM
3,3,3,2,2,Human
4,4,4,3,3,LLM
4,4,4,3,2,Human
4,4,4,3,3,LLM
4,4,4,2,3,Human
3,3,3,3,3,LLM
2,2,3,2,2,Human
4,4,4,3,3,LLM
3,3,4,0,0,Human
2,4,3,1,1,LLM
3,3,3,2,3,Human
4,4,4,3,3,LLM
0,0,3,1,1,Human
4,3,4,2,3,LLM
3,4,3,1,2,Human
4,4,4,3,4,LLM
1,1,4,1,2,Human
4,3,4,3,3,LLM
4,4,4,2,2,Human
4,4,4,3,3,LLM
3,3,3,2,2,Human
3,4,4,3,2,LLM
2,2,3,3,2,Human
3,3,4,3,3,LLM
3,4,3,2,2,Human
4,4,4,3,3,LLM
4,4,4,3,2,Human
4,4,4,3,3,LLM
4,4,4,2,1,Human
4,4,4,3,3,LLM
0,0,4,2,2,Human
1,1,3,3,3,LLM
0,0,4,2,2,Human
2,2,3,2,3,LLM
4,4,4,2,2,Human
4,4,4,3,3,LLM
2,2,3,3,2,Human
3,4,4,2,3,LLM
4,4,4,2,2,Human
4,4,4,2,3,LLM
0,0,4,1,2,Human
2,1,3,2,3,LLM
4,4,4,1,2,Human
3,4,4,2,3,LLM
3,3,4,3,3,Human
4,4,4,3,4,LLM
1,0,3,2,2,Human
1,0,2,2,3,LLM
0,0,2,3,2,Human
1,0,2,1,2,LLM
4,4,4,3,3,Human
3,2,3,2,2,LLM
3,3,4,1,2,Human
3,4,4,2,3,LLM
4,4,4,2,2,Human
4,4,4,3,4,LLM
3,3,4,2,1,Human
4,4,4,3,3,LLM
4,4,4,3,3,Human
2,1,3,2,2,LLM
3,3,4,2,3,Human
4,4,4,4,3,LLM
3,4,3,2,3,Human
2,1,3,2,2,LLM
4,4,4,2,3,Human
4,4,4,3,3,LLM
0,0,4,1,2,Human
2,1,3,2,3,LLM
4,4,4,3,3,Human
4,4,4,3,3,LLM
2,2,4,1,1,Human
4,4,4,3,3,LLM
4,4,4,1,1,Human
4,4,4,3,3,LLM
3,3,4,2,2,Human
3,3,4,2,3,LLM
4,4,4,1,2,Human
3,4,4,3,3,LLM
4,4,4,2,2,Human
4,4,4,4,4,LLM
4,4,4,2,2,Human
4,4,4,3,4,LLM
3,3,3,2,2,Human
4,4,4,3,3,LLM
3,3,3,3,2,Human
4,4,4,3,3,LLM
2,2,4,1,2,Human
4,4,4,3,4,LLM
3,3,4,2,2,Human
4,4,4,3,3,LLM
4,4,4,2,2,Human
4,4,4,3,3,LLM
1,1,2,2,2,Human
2,1,2,2,3,LLM
2,2,3,3,2,Human
2,1,2,2,3,LLM
1,1,3,2,3,Human
4,4,4,3,3,LLM
4,4,4,3,2,Human
4,4,4,3,4,LLM
4,4,4,1,2,Human
4,4,4,3,3,LLM
4,4,4,1,1,Human
4,4,4,2,2,LLM
3,3,4,3,2,Human
4,4,4,3,4,LLM
4,4,4,0,1,Human
2,4,4,1,1,LLM
4,4,4,0,1,Human
3,4,4,1,1,LLM
3,3,4,2,2,Human
3,2,4,2,3,LLM
3,3,4,1,1,Human
3,2,4,3,3,LLM
3,3,4,2,2,Human
4,4,4,3,4,LLM
0,0,3,2,2,Human
3,1,4,3,3,LLM
1,1,4,2,2,Human
2,2,2,1,1,LLM
2,2,4,2,2,Human
1,1,2,1,2,LLM
0,0,3,1,3,Human
1,1,3,2,3,LLM
4,4,4,3,2,Human
4,4,4,3,3,LLM
0,0,2,2,1,Human
1,4,4,1,2,LLM
4,4,4,2,3,Human
4,4,4,3,3,LLM
3,4,3,2,3,Human
4,4,4,3,3,LLM
2,2,4,2,2,Human
4,4,4,3,3,LLM
4,4,4,2,2,Human
4,4,4,3,4,LLM
2,2,3,2,3,Human
4,4,4,3,3,LLM
4,4,4,2,2,Human
4,4,4,3,3,LLM
0,0,2,1,2,Human
4,4,4,2,4,LLM
4,4,4,1,3,Human
4,4,4,3,3,LLM
4,4,4,2,2,Human
4,4,4,3,3,LLM
4,4,4,2,2,Human
4,4,4,3,3,LLM
2,2,3,1,2,Human
4,3,4,3,4,LLM
3,4,3,1,0,Human
4,4,4,3,4,LLM
4,4,4,1,1,Human
4,4,4,3,4,LLM
3,4,3,2,2,Human
4,4,4,3,3,LLM
4,4,4,1,2,Human
4,4,4,3,3,LLM
3,4,4,1,2,Human
3,3,4,2,3,LLM
3,3,4,3,2,Human
4,4,4,2,3,LLM
0,0,4,1,2,Human
3,2,4,2,3,LLM
1,1,4,2,3,Human
4,4,4,3,4,LLM
4,4,4,2,2,Human
4,4,4,3,3,LLM
0,0,3,1,1,Human
1,0,2,1,2,LLM
0,0,2,1,1,Human
1,0,1,1,2,LLM
1,1,2,2,3,Human
4,4,4,3,3,LLM
4,4,4,2,2,Human
4,4,4,4,3,LLM
4,4,4,2,2,Human
3,4,4,3,3,LLM
4,4,4,2,2,Human
4,4,4,4,4,LLM
3,3,4,2,2,Human
4,4,4,3,3,LLM
3,3,4,2,2,Human
4,4,4,3,3,LLM
3,3,4,3,2,Human
4,4,4,4,3,LLM
4,4,4,2,2,Human
4,4,4,3,4,LLM
4,4,4,2,2,Human
3,4,4,2,3,LLM
1,1,4,1,0,Human
1,1,2,1,1,LLM
1,1,4,1,2,Human
3,3,4,2,3,LLM
0,0,2,2,2,Human
1,1,2,1,2,LLM
3,3,4,2,1,Human
3,2,4,1,3,LLM
3,4,3,3,2,Human
4,4,4,3,3,LLM
4,4,4,1,3,Human
4,4,4,3,4,LLM
4,4,4,1,1,Human
3,4,4,1,2,LLM
1,1,1,1,3,Human
1,1,3,1,2,LLM
1,2,3,1,2,Human
1,0,3,1,3,LLM
2,3,2,1,2,Human
2,3,3,2,2,LLM
3,3,3,1,2,Human
4,4,4,3,4,LLM
4,4,4,2,3,Human
4,4,4,3,3,LLM
2,3,4,1,2,Human
2,2,3,2,3,LLM
0,3,4,1,1,Human
1,1,3,2,2,LLM
0,1,4,1,2,Human
2,3,4,2,3,LLM
4,4,4,0,0,Human
3,4,4,1,2,LLM
4,4,4,1,2,Human
4,4,4,3,3,LLM
4,4,4,1,2,Human
4,4,4,3,3,LLM
3,3,4,2,3,Human
4,4,4,3,4,LLM
2,2,3,1,3,Human
3,4,4,2,3,LLM
3,4,4,3,2,Human
4,3,4,3,3,LLM
4,4,4,1,2,Human
4,4,4,3,4,LLM
4,4,4,2,3,Human
4,4,4,3,3,LLM
4,4,4,1,2,Human
4,4,4,3,3,LLM
0,0,3,0,0,Human
0,0,2,1,1,LLM
4,4,4,1,2,Human
4,4,4,3,3,LLM
4,4,4,1,0,Human
4,4,4,1,1,LLM
4,4,4,2,3,Human
4,4,4,3,4,LLM
2,3,3,2,1,Human
4,4,4,3,4,LLM
3,3,4,2,2,Human
4,4,4,3,4,LLM
2,2,3,1,2,Human
4,4,4,3,4,LLM
3,4,4,1,1,Human
4,4,4,3,2,LLM
3,3,3,2,3,Human
4,4,4,3,3,LLM
3,3,3,1,2,Human
4,3,4,3,4,LLM
1,1,1,1,2,Human
2,1,3,1,3,LLM
3,3,4,3,2,Human
4,4,4,3,3,LLM
4,4,4,2,3,Human
4,4,4,3,3,LLM
0,0,4,0,1,Human
3,4,4,1,2,LLM
3,3,3,1,0,Human
4,4,4,2,4,LLM
4,4,4,1,0,Human
4,4,4,1,4,LLM
4,4,4,1,1,Human
4,4,4,1,3,LLM
1,1,2,1,2,Human
1,0,3,2,3,LLM
4,4,4,2,2,Human
3,3,4,3,3,LLM
3,3,3,2,2,Human
4,4,4,3,4,LLM
3,3,4,2,2,Human
4,4,4,3,3,LLM
1,1,3,2,2,Human
3,3,4,3,2,LLM
3,3,4,2,4,Human
4,4,4,3,3,LLM
4,4,4,2,2,Human
4,4,4,3,3,LLM
3,4,4,2,3,Human
4,4,4,3,3,LLM
4,4,4,2,2,Human
4,4,4,3,3,LLM
0,0,3,0,0,Human
2,2,3,1,1,LLM
4,4,4,2,2,Human
4,4,4,2,3,LLM
4,4,4,3,2,Human
1,0,2,1,2,LLM
3,3,3,1,2,Human
3,2,4,2,3,LLM
4,4,4,3,2,Human
4,4,4,3,4,LLM
4,4,4,2,2,Human
4,4,4,3,4,LLM
0,0,4,1,1,Human
2,3,3,2,3,LLM
4,4,4,1,2,Human
4,4,4,3,3,LLM
4,4,4,2,2,Human
4,4,4,3,3,LLM
4,4,4,1,2,Human
2,1,2,1,2,LLM
3,3,3,2,3,Human
4,4,4,3,4,LLM
3,3,4,1,2,Human
4,4,4,3,3,LLM
2,1,4,2,4,Human
4,4,4,4,3,LLM
3,3,4,2,2,Human
4,4,4,3,3,LLM
3,3,3,1,3,Human
4,4,4,3,3,LLM
4,2,4,3,2,Human
4,4,4,4,3,LLM
2,1,3,2,2,Human
4,4,4,3,3,LLM
1,1,4,2,2,Human
4,4,4,3,4,LLM
3,3,4,2,2,Human
4,4,4,4,3,LLM
0,0,4,1,4,Human
4,4,4,3,3,LLM
4,4,4,1,2,Human
3,4,4,1,3,LLM
3,4,3,2,2,Human
4,4,4,3,3,LLM
2,3,3,2,3,Human
4,4,4,3,3,LLM
3,3,4,1,2,Human
4,4,4,3,4,LLM
4,4,4,2,2,Human
4,4,4,3,3,LLM
4,4,4,2,3,Human
4,3,4,3,2,LLM
4,4,4,2,2,Human
4,4,4,3,4,LLM
3,3,4,1,2,Human
4,4,4,3,4,LLM
2,2,3,1,1,Human
4,4,4,2,4,LLM
3,3,4,3,2,Human
3,3,4,3,3,LLM
0,1,2,1,1,Human
3,4,4,2,3,LLM
4,4,4,1,4,Human
4,4,4,3,3,LLM
1,1,3,0,1,Human
2,2,3,1,2,LLM
4,4,4,2,2,Human
4,4,4,3,3,LLM
0,1,1,2,2,Human
2,2,2,3,3,LLM
3,4,4,1,2,Human
4,4,4,3,3,LLM
1,1,4,2,2,Human
2,2,3,3,3,LLM
4,4,4,2,2,Human
4,4,4,3,3,LLM
3,3,4,2,2,Human
4,3,4,3,4,LLM
1,0,3,1,2,Human
4,4,4,3,3,LLM
4,4,3,1,2,Human
4,4,4,3,3,LLM
4,4,4,2,2,Human
4,4,4,3,3,LLM
4,4,4,3,2,Human
4,4,4,3,3,LLM
2,2,3,2,2,Human
4,4,4,3,3,LLM
3,4,3,2,2,Human
4,4,4,3,2,LLM
3,3,3,2,2,Human
4,4,4,3,3,LLM
0,0,2,0,2,Human
1,2,3,1,2,LLM
3,3,3,0,1,Human
4,4,4,2,4,LLM
4,4,4,2,2,Human
4,4,4,3,3,LLM
3,3,4,1,2,Human
3,4,4,1,2,LLM
4,4,4,2,2,Human
4,4,4,3,3,LLM
3,3,3,3,3,Human
2,1,3,3,4,LLM
2,2,4,0,1,Human
3,4,4,1,2,LLM
0,0,3,1,2,Human
3,4,4,2,3,LLM
1,1,4,2,4,Human
4,4,4,3,4,LLM
0,0,3,2,1,Human
3,3,4,3,3,LLM
1,1,3,3,3,Human
4,4,4,3,4,LLM
3,3,4,2,2,Human
4,4,4,3,4,LLM
3,3,4,2,3,Human
4,4,4,3,3,LLM
2,2,2,2,2,Human
4,4,4,3,4,LLM
3,3,3,2,2,Human
4,4,4,3,4,LLM
1,1,4,2,2,Human
4,4,4,3,3,LLM
2,2,3,1,3,Human
1,1,4,2,3,LLM
4,4,4,2,2,Human
4,4,4,3,3,LLM
2,4,4,3,2,Human
4,4,4,3,3,LLM
4,4,4,2,3,Human
4,4,4,3,3,LLM
3,3,4,2,2,Human
4,4,4,2,3,LLM
1,1,2,1,1,Human
1,3,3,2,3,LLM
3,3,4,2,2,Human
3,2,4,3,3,LLM
3,3,4,2,2,Human
4,4,4,3,4,LLM
4,4,4,1,2,Human
3,3,4,2,3,LLM
4,4,4,2,1,Human
3,4,4,3,4,LLM
2,2,3,1,3,Human
3,2,4,3,3,LLM
3,3,4,1,1,Human
4,4,4,2,3,LLM
4,4,4,2,2,Human
4,4,4,3,4,LLM
4,4,4,2,2,Human
4,4,4,3,4,LLM
4,4,4,2,3,Human
3,3,4,3,3,LLM
4,4,4,2,2,Human
4,4,4,3,3,LLM
3,4,4,2,2,Human
4,4,4,3,3,LLM
4,4,4,2,2,Human
4,4,4,3,3,LLM
4,4,4,1,0,Human
4,4,4,1,2,LLM
2,2,3,2,2,Human
4,4,4,3,4,LLM
2,2,4,2,2,Human
4,4,4,3,4,LLM
0,0,2,0,0,Human
0,0,1,0,0,LLM
0,0,3,2,2,Human
4,3,4,3,4,LLM
2,1,3,2,1,Human
3,3,4,3,3,LLM
3,3,4,1,2,Human
4,4,4,3,3,LLM
4,4,4,1,2,Human
4,4,4,3,3,LLM
3,3,4,1,1,Human
4,4,4,3,3,LLM
4,4,4,1,2,Human
4,4,4,2,3,LLM
1,1,4,1,3,Human
4,4,4,4,4,LLM
4,4,4,2,3,Human
4,4,4,3,3,LLM
3,3,4,2,2,Human
4,3,4,3,3,LLM
2,3,3,2,2,Human
3,2,4,3,3,LLM
4,4,4,1,2,Human
4,4,4,3,4,LLM
1,1,2,2,3,Human
4,4,4,3,3,LLM
4,4,4,3,2,Human
4,4,4,3,3,LLM
4,4,4,1,2,Human
2,3,4,2,3,LLM
4,4,4,2,3,Human
4,4,4,3,3,LLM
4,4,4,1,2,Human
3,4,4,1,2,LLM
3,3,4,2,2,Human
4,4,4,3,3,LLM
3,3,4,1,1,Human
4,4,4,3,3,LLM
4,4,4,2,2,Human
4,4,4,2,3,LLM
3,3,4,1,2,Human
2,4,4,2,3,LLM
1,2,4,2,2,Human
3,3,4,3,3,LLM
3,3,4,2,2,Human
4,4,4,3,3,LLM
2,2,3,2,2,Human
4,4,4,3,4,LLM
4,4,4,2,2,Human
4,4,4,3,4,LLM
3,3,4,3,2,Human
4,3,4,3,4,LLM
4,4,4,2,2,Human
4,4,4,3,3,LLM
4,4,4,1,2,Human
4,4,4,3,4,LLM
3,3,4,2,1,Human
2,4,4,1,1,LLM
4,4,4,2,2,Human
4,4,4,3,4,LLM
3,3,4,2,2,Human
4,4,4,3,3,LLM
3,3,3,2,3,Human
4,4,4,3,4,LLM
3,3,4,1,2,Human
4,4,4,3,4,LLM
3,3,3,2,2,Human
4,4,4,3,4,LLM
3,3,4,2,2,Human
4,4,4,3,4,LLM
4,4,4,2,2,Human
4,4,4,3,3,LLM
1,0,4,1,0,Human
1,2,3,1,1,LLM
3,3,3,2,2,Human
4,4,4,3,3,LLM
3,3,4,1,2,Human
2,3,4,2,3,LLM
3,3,4,2,4,Human
4,4,4,4,3,LLM
3,3,4,2,1,Human
4,3,4,3,3,LLM
0,1,4,0,0,Human
1,4,3,1,1,LLM
3,4,3,2,3,Human
4,4,4,3,3,LLM
3,4,4,2,2,Human
3,4,4,2,3,LLM
3,3,3,2,2,Human
4,4,4,3,3,LLM
3,3,4,2,2,Human
4,4,4,3,3,LLM
4,4,4,2,2,Human
4,4,4,3,3,LLM
4,4,4,2,2,Human
4,4,4,3,3,LLM
2,2,4,2,4,Human
4,4,4,3,3,LLM
2,2,3,2,3,Human
4,4,4,3,4,LLM
2,2,4,2,3,Human
4,4,4,3,4,LLM
0,1,4,2,2,Human
1,1,2,1,2,LLM
4,4,4,1,2,Human
4,4,4,3,4,LLM
4,4,4,2,2,Human
4,4,4,3,3,LLM
4,4,4,3,3,Human
4,4,4,3,3,LLM
4,4,4,2,3,Human
4,4,4,3,4,LLM
2,3,3,3,3,Human
4,4,4,4,4,LLM
4,4,4,1,2,Human
4,4,4,3,3,LLM
3,3,4,2,2,Human
4,4,4,3,4,LLM
4,4,4,2,2,Human
4,4,4,4,4,LLM
4,4,4,2,2,Human
4,4,4,3,3,LLM
4,4,4,2,1,Human
4,4,4,2,3,LLM
4,4,4,2,4,Human
4,4,4,3,2,LLM
2,2,2,2,2,Human
3,2,3,3,3,LLM
3,3,4,1,2,Human
3,4,4,3,3,LLM
2,2,2,1,3,Human
4,4,4,3,2,LLM
4,4,4,2,2,Human
4,4,4,3,3,LLM
1,1,4,3,2,Human
4,4,4,3,3,LLM
4,4,4,1,1,Human
4,4,4,2,3,LLM
2,2,3,1,2,Human
2,2,3,2,3,LLM
2,2,4,2,2,Human
4,4,4,4,3,LLM
3,3,3,2,2,Human
4,4,4,3,3,LLM
3,3,3,2,3,Human
4,4,4,3,2,LLM
3,2,3,2,2,Human
4,4,4,3,4,LLM
4,4,4,1,2,Human
4,4,4,3,3,LLM
3,4,4,2,4,Human
4,4,4,3,3,LLM
3,3,4,2,2,Human
2,4,4,1,3,LLM
4,4,4,2,2,Human
4,4,4,3,4,LLM
0,0,4,0,1,Human
4,4,4,3,3,LLM
4,4,4,2,3,Human
4,4,4,2,3,LLM
0,1,3,3,2,Human
1,0,2,2,2,LLM
3,3,4,1,1,Human
4,4,4,3,4,LLM
1,1,4,1,2,Human
4,4,4,3,4,LLM
4,4,4,1,2,Human
4,4,4,2,4,LLM
4,4,4,2,2,Human
4,4,4,3,3,LLM
3,3,3,1,2,Human
4,4,4,3,3,LLM
4,4,4,0,2,Human
3,4,4,3,3,LLM
0,0,4,2,3,Human
3,3,4,3,3,LLM
4,4,4,2,2,Human
4,4,4,3,3,LLM
4,4,4,3,2,Human
4,4,4,3,3,LLM
4,4,4,1,2,Human
4,4,4,3,3,LLM
4,4,4,1,2,Human
4,4,4,3,3,LLM
3,3,3,2,2,Human
4,4,4,3,3,LLM
2,3,4,2,2,Human
4,4,4,3,3,LLM
4,4,4,1,3,Human
4,4,4,3,4,LLM
1,1,4,2,0,Human
3,3,4,2,3,LLM
2,1,2,2,2,Human
4,4,4,3,4,LLM
4,4,4,2,1,Human
4,4,4,3,3,LLM
2,2,2,2,2,Human
2,1,2,2,3,LLM
3,3,3,2,1,Human
3,4,4,2,3,LLM
3,3,3,2,1,Human
4,4,4,3,3,LLM
4,4,4,2,2,Human
4,4,4,3,4,LLM
0,0,2,2,2,Human
3,2,4,3,2,LLM
1,1,2,2,4,Human
2,4,4,3,1,LLM
2,3,3,2,1,Human
4,4,4,2,1,LLM
4,4,4,2,3,Human
4,4,4,3,3,LLM
4,4,4,1,2,Human
4,4,4,3,3,LLM
3,3,4,2,2,Human
4,4,4,3,4,LLM
3,2,4,3,3,Human
4,4,4,3,3,LLM
3,3,3,2,2,Human
3,4,4,1,2,LLM
3,3,4,2,2,Human
4,4,4,3,3,LLM
4,4,4,1,2,Human
4,4,4,3,3,LLM
3,3,4,2,2,Human
4,4,4,3,3,LLM
4,4,4,2,2,Human
3,4,4,3,3,LLM
4,4,4,2,2,Human
4,4,4,3,3,LLM
3,3,4,1,2,Human
3,3,4,2,3,LLM
3,3,3,2,2,Human
3,4,4,3,2,LLM
3,3,4,1,3,Human
4,4,4,3,4,LLM
2,4,4,1,1,Human
2,4,4,2,2,LLM
2,2,4,1,2,Human
4,4,4,3,3,LLM
4,4,4,1,1,Human
4,4,4,3,3,LLM
4,4,4,2,2,Human
4,4,4,4,3,LLM
4,4,4,2,2,Human
3,4,4,2,2,LLM
2,2,4,2,0,Human
2,4,4,1,1,LLM
3,3,3,3,3,Human
2,3,3,2,2,LLM
4,4,4,2,2,Human
4,4,4,3,4,LLM
3,4,3,2,1,Human
4,4,4,3,3,LLM
3,3,3,1,2,Human
4,4,4,3,3,LLM
3,3,3,1,1,Human
4,4,4,3,3,LLM
4,4,4,3,2,Human
4,4,4,3,3,LLM
3,1,3,2,2,Human
2,1,3,3,2,LLM
4,4,4,2,2,Human
4,4,4,3,3,LLM
4,4,4,2,2,Human
4,4,4,3,3,LLM
4,4,4,1,3,Human
4,4,4,3,3,LLM
4,4,4,1,2,Human
4,4,4,3,4,LLM
4,3,4,2,2,Human
4,4,4,3,3,LLM
1,1,3,2,3,Human
3,3,4,3,3,LLM
4,4,4,2,3,Human
4,4,4,3,4,LLM
2,3,4,1,0,Human
3,4,4,1,1,LLM
3,3,3,2,2,Human
4,4,4,3,3,LLM
4,4,4,2,2,Human
4,4,4,3,3,LLM
4,4,4,2,2,Human
4,4,4,3,3,LLM
4,4,4,1,2,Human
4,4,4,3,3,LLM
3,3,3,2,3,Human
2,2,3,3,3,LLM
3,3,3,3,2,Human
3,4,4,2,3,LLM
3,3,4,2,2,Human
3,4,4,3,3,LLM
4,4,4,3,2,Human
4,4,4,3,3,LLM
4,4,4,2,3,Human
4,4,4,3,4,LLM
3,3,4,2,3,Human
4,4,4,3,3,LLM
0,0,4,1,2,Human
1,0,3,1,2,LLM
0,0,4,0,0,Human
1,0,3,1,2,LLM
4,4,4,3,3,Human
4,4,4,3,3,LLM
3,4,3,2,2,Human
4,4,4,3,3,LLM
3,3,4,3,2,Human
4,4,4,3,4,LLM
4,4,4,2,2,Human
4,4,4,3,4,LLM
4,4,4,1,2,Human
4,4,4,3,3,LLM
4,4,4,2,2,Human
4,4,4,3,3,LLM
4,4,4,3,2,Human
4,4,4,3,4,LLM
0,0,1,1,0,Human
2,2,3,3,2,LLM
4,4,4,2,2,Human
4,4,4,3,4,LLM
3,3,3,2,2,Human
4,4,4,3,3,LLM
3,3,4,3,2,Human
4,4,4,3,3,LLM
4,4,4,1,2,Human
4,4,4,4,3,LLM
3,3,4,2,2,Human
4,4,4,3,3,LLM
3,3,4,1,3,Human
4,4,4,3,3,LLM
4,4,4,2,2,Human
4,4,4,3,4,LLM
3,4,4,2,2,Human
4,4,4,3,4,LLM
4,4,4,2,2,Human
4,4,4,3,4,LLM
3,3,4,2,4,Human
4,4,4,3,2,LLM
2,2,4,2,1,Human
4,4,4,3,3,LLM
4,4,4,2,2,Human
4,4,4,3,3,LLM
3,4,3,3,3,Human
4,4,4,3,3,LLM
3,3,4,2,3,Human
4,4,4,3,3,LLM
3,3,4,2,2,Human
4,4,4,3,3,LLM
1,1,2,1,1,Human
3,3,4,2,2,LLM
4,4,4,1,1,Human
4,4,4,2,4,LLM
4,4,4,3,3,Human
4,3,4,4,3,LLM
4,4,4,1,1,Human
4,4,4,3,3,LLM
4,4,4,2,2,Human
4,4,4,3,3,LLM
3,3,4,2,3,Human
4,4,4,3,4,LLM
4,4,4,2,2,Human
4,4,4,3,3,LLM
4,4,4,1,2,Human
4,4,4,3,3,LLM
4,4,4,2,3,Human
4,4,4,3,3,LLM
4,4,4,2,2,Human
4,4,4,3,3,LLM
4,4,4,2,2,Human
4,4,4,3,4,LLM
3,3,4,1,2,Human
2,1,2,1,2,LLM
0,0,1,1,0,Human
1,1,1,1,1,LLM
4,4,4,2,2,Human
4,4,4,3,3,LLM
1,1,4,1,2,Human
4,4,4,3,4,LLM
3,3,3,2,2,Human
4,4,4,3,4,LLM
1,1,4,1,0,Human
1,2,3,1,1,LLM
2,2,3,1,1,Human
3,2,3,2,3,LLM
0,0,0,1,2,Human
1,0,3,2,3,LLM
0,0,2,1,1,Human
1,1,3,2,2,LLM
4,4,4,1,2,Human
4,4,4,3,3,LLM
3,3,4,2,3,Human
2,2,3,2,2,LLM
1,1,2,2,2,Human
3,2,4,2,3,LLM
1,1,4,1,4,Human
4,4,4,3,3,LLM
2,1,3,2,4,Human
4,4,4,3,3,LLM
4,4,4,1,3,Human
4,4,4,3,3,LLM
4,4,4,1,2,Human
4,4,4,3,4,LLM
3,4,4,0,1,Human
4,4,4,1,1,LLM
2,3,3,1,3,Human
4,4,4,3,3,LLM
1,1,4,2,2,Human
4,4,4,3,3,LLM
2,2,3,2,2,Human
4,4,4,3,3,LLM
2,2,3,1,1,Human
4,3,4,4,4,LLM
4,4,4,2,2,Human
4,4,4,3,3,LLM
4,4,4,2,3,Human
3,3,4,3,3,LLM
1,1,3,1,2,Human
2,1,3,2,3,LLM
3,3,4,3,3,Human
4,4,4,3,3,LLM
4,4,4,2,2,Human
4,4,4,3,3,LLM
4,4,4,1,2,Human
4,4,4,3,3,LLM
3,3,3,1,1,Human
4,4,4,3,4,LLM
2,2,4,2,2,Human
4,4,4,3,3,LLM
4,4,4,1,2,Human
4,4,4,3,3,LLM
3,3,4,2,2,Human
4,4,4,4,4,LLM
3,1,4,3,2,Human
4,4,4,4,4,LLM
3,3,3,1,2,Human
4,4,4,3,3,LLM
3,4,4,2,2,Human
4,4,4,3,3,LLM
4,4,4,1,2,Human
4,4,4,2,3,LLM
4,4,4,2,2,Human
4,4,4,3,3,LLM
3,3,4,2,2,Human
4,4,4,3,3,LLM
1,1,4,1,3,Human
3,3,4,3,2,LLM
4,4,4,2,1,Human
2,2,4,1,2,LLM
4,4,4,2,3,Human
4,4,4,3,4,LLM
4,4,4,2,3,Human
4,4,4,3,3,LLM
4,4,4,1,2,Human
4,3,4,3,4,LLM
3,3,4,2,1,Human
4,4,4,3,3,LLM
4,4,4,1,2,Human
3,4,4,2,3,LLM
1,1,4,1,2,Human
3,2,4,2,3,LLM
4,4,4,3,3,Human
4,4,4,3,3,LLM
4,4,4,2,2,Human
4,4,4,3,3,LLM
1,1,2,2,2,Human
2,1,3,1,2,LLM
2,2,3,3,2,Human
2,1,2,2,2,LLM
0,0,4,2,1,Human
1,3,3,1,2,LLM
4,4,4,2,1,Human
3,4,4,1,3,LLM
2,2,4,2,2,Human
4,4,4,3,3,LLM
4,4,4,1,2,Human
4,4,4,3,3,LLM
4,4,4,2,3,Human
4,4,4,4,3,LLM
4,4,4,0,0,Human
3,4,4,2,3,LLM
3,3,4,1,3,Human
4,4,4,3,4,LLM
3,3,4,2,1,Human
4,4,4,3,3,LLM
4,4,4,2,2,Human
3,3,4,4,3,LLM
2,2,3,1,2,Human
4,4,4,3,3,LLM
4,4,4,1,2,Human
4,4,4,3,4,LLM
2,2,3,2,2,Human
3,2,4,3,3,LLM
2,3,3,1,2,Human
4,4,4,4,4,LLM
4,4,4,2,2,Human
4,4,4,3,4,LLM
1,1,4,2,3,Human
4,4,4,3,3,LLM
0,0,4,1,1,Human
1,0,3,2,3,LLM
4,4,4,2,2,Human
4,4,4,3,3,LLM
4,4,4,2,2,Human
4,4,4,3,4,LLM
1,1,4,1,2,Human
4,4,4,3,4,LLM
2,2,3,1,1,Human
1,2,3,1,2,LLM
4,4,4,2,3,Human
4,4,4,4,4,LLM
4,4,4,0,1,Human
4,4,4,3,3,LLM
4,4,4,1,2,Human
4,4,4,2,3,LLM
4,4,4,1,2,Human
4,4,4,3,3,LLM
4,4,4,1,2,Human
4,4,4,3,3,LLM
4,4,4,1,2,Human
4,4,4,3,3,LLM
4,4,4,1,2,Human
4,4,4,2,3,LLM
4,4,4,2,2,Human
4,4,4,3,3,LLM
4,4,4,2,2,Human
4,4,4,2,3,LLM
4,4,4,2,2,Human
4,4,4,3,3,LLM
0,0,1,2,2,Human
2,1,2,1,2,LLM
2,2,4,1,2,Human
4,4,4,3,3,LLM
4,4,4,3,2,Human
4,4,4,3,3,LLM
3,2,4,1,2,Human
4,4,4,3,3,LLM
4,4,4,2,2,Human
4,3,4,3,3,LLM
3,3,4,2,2,Human
2,2,3,2,3,LLM
4,4,4,1,2,Human
4,4,4,2,3,LLM
3,3,4,2,3,Human
4,4,4,3,4,LLM
3,3,3,1,2,Human
4,4,4,3,3,LLM
3,3,4,1,2,Human
4,4,4,3,3,LLM
3,3,4,2,1,Human
4,4,4,3,3,LLM
3,3,3,2,2,Human
4,4,4,3,3,LLM
3,3,4,1,2,Human
4,4,4,3,4,LLM
4,4,4,2,3,Human
4,3,4,3,3,LLM
1,1,4,2,2,Human
4,4,4,3,3,LLM
4,4,4,2,2,Human
4,4,4,3,3,LLM
2,2,4,2,3,Human
3,3,4,2,3,LLM
3,2,4,0,0,Human
4,4,4,2,4,LLM
4,4,4,1,2,Human
4,4,4,3,3,LLM
2,3,3,2,1,Human
4,4,4,3,4,LLM
1,1,4,2,1,Human
4,4,4,2,3,LLM
1,1,4,2,1,Human
3,3,4,2,2,LLM
4,4,4,3,2,Human
4,4,4,3,3,LLM
2,2,4,2,3,Human
4,4,4,3,2,LLM
2,2,4,1,2,Human
4,4,4,3,3,LLM
4,4,4,3,2,Human
4,4,4,3,3,LLM
3,4,3,2,2,Human
4,4,4,3,4,LLM
3,3,4,3,2,Human
2,2,3,3,3,LLM
2,0,3,0,0,Human
1,1,2,0,0,LLM
4,4,4,2,1,Human
4,4,4,3,3,LLM
4,4,4,2,3,Human
3,4,4,3,3,LLM
2,2,4,3,3,Human
2,1,3,2,3,LLM
1,1,4,3,4,Human
4,4,4,4,3,LLM
3,3,4,1,2,Human
4,3,4,3,3,LLM
3,3,3,3,2,Human
4,4,4,3,3,LLM
3,3,3,3,2,Human
4,4,4,3,2,LLM
4,4,4,2,2,Human
4,4,4,3,3,LLM
4,4,4,2,2,Human
4,4,4,3,3,LLM
4,4,4,1,4,Human
4,4,4,3,3,LLM
4,4,4,2,2,Human
4,4,4,3,3,LLM
4,4,4,3,1,Human
3,2,4,3,3,LLM
3,3,3,2,3,Human
4,3,4,3,4,LLM
4,4,4,1,2,Human
4,4,4,4,4,LLM
4,3,4,2,1,Human
4,4,4,2,3,LLM
3,3,4,2,2,Human
4,4,4,3,3,LLM
4,4,4,2,2,Human
4,4,4,3,3,LLM
3,3,3,2,3,Human
4,4,4,3,3,LLM
3,3,4,2,2,Human
4,4,4,3,3,LLM
4,4,4,2,1,Human
4,4,4,3,3,LLM
3,3,4,1,3,Human
4,4,4,3,4,LLM
4,4,4,0,0,Human
2,2,2,1,1,LLM
2,2,3,2,3,Human
3,2,3,2,3,LLM
2,2,2,2,2,Human
3,2,2,3,3,LLM
4,4,4,3,3,Human
4,4,4,3,3,LLM
3,3,4,1,3,Human
4,4,4,3,3,LLM
4,4,4,2,2,Human
3,4,4,3,2,LLM
4,4,4,0,0,Human
4,4,4,0,0,LLM
4,4,4,2,4,Human
4,4,4,4,3,LLM
0,1,4,0,2,Human
4,4,4,1,1,LLM
4,4,4,2,3,Human
4,4,4,4,4,LLM
0,0,4,2,4,Human
4,4,4,3,2,LLM
3,3,3,3,2,Human
3,2,4,3,3,LLM
3,3,4,2,3,Human
4,4,4,4,3,LLM
4,4,4,2,1,Human
4,4,4,3,3,LLM
3,3,4,2,2,Human
4,4,4,2,3,LLM
4,4,4,2,2,Human
4,4,4,3,3,LLM
4,4,4,2,3,Human
4,4,4,3,3,LLM
1,3,3,1,2,Human
3,4,4,2,3,LLM
3,3,3,2,2,Human
4,4,4,3,3,LLM
4,4,4,2,2,Human
4,4,4,3,3,LLM
4,4,4,1,3,Human
4,4,4,3,3,LLM
4,4,4,2,2,Human
4,4,4,3,3,LLM
4,4,4,2,2,Human
4,4,4,3,3,LLM
4,4,4,1,2,Human
4,4,4,2,3,LLM
4,4,4,3,2,Human
4,4,4,3,3,LLM
3,3,4,2,2,Human
4,3,4,3,4,LLM
3,3,4,1,1,Human
3,4,4,1,3,LLM
3,3,4,2,3,Human
4,4,4,3,3,LLM
1,1,4,1,4,Human
4,4,4,3,2,LLM
4,4,4,2,2,Human
4,4,4,3,3,LLM
3,4,4,2,2,Human
4,4,4,4,4,LLM
1,1,1,2,2,Human
2,1,2,2,3,LLM
3,3,4,2,2,Human
4,4,4,3,4,LLM
4,4,4,3,3,Human
4,4,4,3,3,LLM
3,3,4,1,2,Human
4,4,4,3,3,LLM
4,4,4,2,2,Human
4,4,4,3,3,LLM
2,2,3,2,2,Human
3,3,4,4,4,LLM
4,4,4,2,3,Human
4,4,4,3,3,LLM
4,4,4,3,2,Human
4,4,4,3,3,LLM
2,2,3,1,2,Human
4,4,4,3,3,LLM
4,4,4,2,2,Human
4,4,4,3,3,LLM
2,2,3,1,3,Human
3,3,4,4,3,LLM
0,0,1,1,1,Human
1,3,3,2,3,LLM
4,4,4,1,3,Human
4,4,4,4,3,LLM
3,3,4,2,2,Human
4,4,4,4,4,LLM
4,4,4,1,2,Human
4,4,4,3,3,LLM
3,3,4,2,2,Human
4,4,4,3,4,LLM
4,4,4,2,3,Human
4,4,4,3,3,LLM
4,4,4,2,2,Human
4,4,4,3,3,LLM
3,3,4,1,3,Human
4,4,4,3,3,LLM
3,3,3,1,3,Human
4,4,4,3,3,LLM
3,3,4,2,2,Human
4,4,4,3,4,LLM
3,3,4,2,2,Human
4,4,4,3,3,LLM
0,0,4,2,3,Human
2,1,3,3,2,LLM
0,1,4,2,3,Human
3,2,4,3,3,LLM
4,4,4,3,3,Human
4,4,4,3,3,LLM
3,3,3,1,2,Human
4,3,4,3,4,LLM
0,1,4,2,2,Human
1,0,3,2,3,LLM
3,3,3,2,2,Human
1,1,3,2,2,LLM
4,4,4,2,3,Human
4,4,4,3,3,LLM
4,4,4,3,3,Human
4,4,4,3,3,LLM
2,3,4,1,1,Human
3,4,4,1,2,LLM
2,2,3,1,2,Human
3,3,4,2,3,LLM
3,3,4,1,0,Human
2,3,4,2,3,LLM
1,1,2,2,1,Human
2,3,3,2,2,LLM
3,3,4,2,2,Human
3,3,4,3,3,LLM
2,2,4,2,2,Human
4,4,4,3,3,LLM
0,0,4,0,2,Human
4,3,4,4,4,LLM
3,3,4,2,2,Human
1,1,3,2,3,LLM
1,1,4,1,1,Human
3,4,4,2,3,LLM
4,4,4,0,0,Human
4,4,4,2,2,Human
4,4,4,3,4,LLM
1,1,4,1,4,Human
3,3,4,3,2,LLM
2,2,4,2,2,Human
4,4,4,3,3,LLM
4,4,4,2,2,Human
4,4,4,3,4,LLM
4,4,4,2,3,Human
4,4,4,3,3,LLM
4,4,4,1,2,Human
4,4,4,3,3,LLM
4,4,4,2,3,Human
4,4,4,3,3,LLM
4,4,4,1,2,Human
4,4,4,3,3,LLM
3,4,4,1,2,Human
4,4,4,3,3,LLM
4,4,4,2,2,Human
4,4,4,2,3,LLM
2,2,3,2,2,Human
3,3,4,3,3,LLM
1,0,3,2,2,Human
3,2,4,3,2,LLM
1,4,2,1,2,Human
4,4,4,3,4,LLM
1,1,3,2,3,Human
2,2,3,1,1,LLM
4,4,4,3,2,Human
4,4,4,3,3,LLM
4,4,4,3,2,Human
4,4,4,3,3,LLM
4,4,4,2,3,Human
4,4,4,3,3,LLM
1,1,4,2,2,Human
4,4,4,3,3,LLM
4,4,4,1,2,Human
3,4,4,1,2,LLM
4,4,4,2,2,Human
4,4,4,3,3,LLM
4,4,4,2,2,Human
3,3,4,2,3,LLM
1,1,2,1,1,Human
2,2,4,1,1,LLM
4,4,4,2,2,Human
4,4,4,3,4,LLM
4,4,4,2,2,Human
4,4,4,3,3,LLM
3,3,4,1,2,Human
3,3,4,3,3,LLM
4,4,4,1,2,Human
4,4,4,3,4,LLM
4,4,4,1,2,Human
4,4,4,3,3,LLM
3,3,4,2,2,Human
4,4,4,3,3,LLM
3,3,3,2,2,Human
4,4,4,3,3,LLM
3,3,3,2,2,Human
4,4,4,3,3,LLM
4,4,4,1,1,Human
3,4,4,1,1,LLM
1,1,4,2,2,Human
2,1,4,2,3,LLM
4,4,4,2,2,Human
4,4,4,3,3,LLM
4,4,4,2,3,Human
4,4,4,3,2,LLM
4,4,4,3,2,Human
4,4,4,3,3,LLM
3,3,4,2,2,Human
4,4,4,3,3,LLM
3,3,3,1,2,Human
4,4,4,3,3,LLM
4,4,4,2,2,Human
4,4,4,4,3,LLM
0,0,4,1,2,Human
3,3,4,3,3,LLM
3,3,4,2,2,Human
2,3,4,3,2,LLM
0,0,4,2,3,Human
0,0,3,2,3,LLM
4,4,4,2,3,Human
4,4,4,3,3,LLM
4,4,4,2,3,Human
4,4,4,3,3,LLM
0,0,3,2,2,Human
2,1,4,3,3,LLM
1,1,2,2,2,Human
1,1,2,1,1,LLM
0,0,4,2,2,Human
3,3,3,3,3,LLM
3,3,4,2,2,Human
4,4,4,3,3,LLM
3,3,4,2,2,Human
4,4,4,3,3,LLM
4,4,3,2,2,Human
4,4,4,3,3,LLM
2,2,3,1,2,Human
4,4,4,3,3,LLM
2,2,4,2,2,Human
4,4,4,3,3,LLM
4,4,4,2,3,Human
4,4,4,3,3,LLM
4,4,4,2,2,Human
3,3,4,3,3,LLM
3,3,3,2,2,Human
3,3,4,3,3,LLM
4,4,4,2,2,Human
3,2,4,3,3,LLM
2,2,2,1,4,Human
4,4,4,3,3,LLM
4,4,4,2,2,Human
4,4,4,3,3,LLM
4,4,4,2,2,Human
4,4,4,3,3,LLM
4,4,4,2,3,Human
4,4,4,3,3,LLM
4,4,4,1,2,Human
4,4,4,2,3,LLM
1,1,3,1,1,Human
1,1,2,1,1,LLM
4,4,4,2,1,Human
4,4,4,3,3,LLM
0,0,4,2,2,Human
4,4,4,3,3,LLM
1,1,3,1,2,Human
2,1,3,2,3,LLM
4,4,4,2,3,Human
4,4,4,3,3,LLM
2,2,3,2,2,Human
3,4,4,3,2,LLM
4,4,4,2,2,Human
4,4,4,4,4,LLM
1,1,4,2,2,Human
3,3,4,3,3,LLM
3,3,4,2,2,Human
4,4,4,3,3,LLM
4,4,4,2,3,Human
4,4,4,3,3,LLM
4,4,4,1,1,Human
4,4,4,3,4,LLM
3,3,3,2,2,Human
4,4,4,3,3,LLM
3,3,3,2,2,Human
4,4,4,3,3,LLM
4,4,4,2,1,Human
4,4,4,3,3,LLM
3,3,4,2,3,Human
4,4,4,3,3,LLM
3,4,4,2,3,Human
4,4,4,3,3,LLM
3,3,4,2,3,Human
4,4,4,3,3,LLM
3,3,4,2,1,Human
4,4,4,3,3,LLM
4,4,4,1,2,Human
4,4,4,3,4,LLM
4,4,4,2,2,Human
4,4,4,3,4,LLM
1,1,4,1,3,Human
4,4,4,3,3,LLM
3,3,4,1,2,Human
4,4,4,3,3,LLM
3,3,4,2,2,Human
4,4,4,3,3,LLM
4,4,3,3,3,Human
4,4,4,3,3,LLM
4,4,4,2,2,Human
4,4,4,3,3,LLM
4,4,4,2,1,Human
4,4,4,3,3,LLM
4,4,4,1,2,Human
4,4,4,3,3,LLM
2,2,3,2,2,Human
2,2,3,2,2,LLM
4,4,4,2,2,Human
4,4,4,3,4,LLM
2,2,3,2,2,Human
4,4,4,3,3,LLM
4,4,4,2,2,Human
4,4,4,3,3,LLM
4,4,4,2,2,Human
4,4,4,3,3,LLM
2,2,4,1,1,Human
3,2,4,3,3,LLM
2,3,2,1,0,Human
3,2,4,3,3,LLM
2,2,4,2,3,Human
2,2,4,3,3,LLM
0,0,4,0,0,Human
1,3,3,1,2,LLM
4,4,4,2,2,Human
4,3,4,3,4,LLM
4,4,4,2,1,Human
4,4,4,2,3,LLM
4,4,4,3,3,Human
3,4,4,3,3,LLM
4,4,4,2,2,Human
4,4,4,3,3,LLM
4,4,4,0,1,Human
1,2,3,1,3,LLM
0,0,4,1,2,Human
4,4,4,4,3,LLM
4,4,4,1,2,Human
4,4,4,3,3,LLM
4,4,4,1,2,Human
4,3,4,3,3,LLM
2,2,4,1,2,Human
4,4,4,3,4,LLM
3,3,4,1,2,Human
4,4,4,3,4,LLM
4,4,4,3,2,Human
4,4,4,3,3,LLM
4,4,4,2,2,Human
4,4,4,3,4,LLM
3,3,4,2,2,Human
4,4,4,3,3,LLM
2,2,2,3,3,Human
3,4,4,3,3,LLM
2,2,4,2,1,Human
2,4,4,3,1,LLM
4,4,4,1,1,Human
4,4,4,4,4,LLM
4,4,4,2,4,Human
4,4,4,3,3,LLM
4,4,4,1,2,Human
4,4,4,3,3,LLM
3,3,3,2,2,Human
4,4,4,3,3,LLM
4,4,4,2,2,Human
4,4,4,2,1,LLM
0,0,4,2,4,Human
4,4,4,3,2,LLM
4,4,4,2,2,Human
4,4,4,2,3,LLM
4,4,4,2,1,Human
4,4,4,3,3,LLM
4,4,4,2,2,Human
4,4,4,3,3,LLM
1,1,3,1,3,Human
3,4,4,3,2,LLM
3,3,4,2,2,Human
4,4,4,3,4,LLM
3,4,4,2,2,Human
4,4,4,3,3,LLM
3,4,3,2,2,Human
4,4,4,3,3,LLM
3,3,4,2,2,Human
3,4,4,3,3,LLM
3,3,4,2,2,Human
4,4,4,3,3,LLM
0,0,4,1,1,Human
1,2,3,1,1,LLM
4,4,4,2,2,Human
4,4,4,3,3,LLM
4,4,4,3,2,Human
4,4,4,3,3,LLM
1,1,2,1,0,Human
1,2,3,1,1,LLM
3,3,4,2,2,Human
4,4,4,3,3,LLM
4,4,4,2,2,Human
4,4,4,4,3,LLM
3,3,4,2,1,Human
4,3,4,3,4,LLM
4,4,4,0,0,Human
3,4,4,1,2,LLM
3,3,4,1,4,Human
2,3,4,2,3,LLM
4,4,4,3,2,Human
4,4,4,3,3,LLM
4,4,4,2,2,Human
4,4,4,3,3,LLM
0,0,3,2,2,Human
4,4,4,3,2,LLM
3,3,4,1,2,Human
4,4,4,3,3,LLM
4,4,4,2,2,Human
4,4,4,3,3,LLM
0,0,4,0,1,Human
2,3,3,1,1,LLM
3,3,3,1,2,Human
4,4,4,3,3,LLM
2,2,4,1,1,Human
4,4,4,2,1,LLM
3,3,3,2,3,Human
3,2,4,3,3,LLM
2,3,3,2,2,Human
4,4,4,3,3,LLM
4,4,4,1,2,Human
4,4,4,2,3,LLM
0,0,2,1,1,Human
3,4,4,2,3,LLM
2,2,3,2,2,Human
2,1,2,1,2,LLM
1,1,4,1,1,Human
1,2,3,1,2,LLM
4,4,4,2,2,Human
4,4,4,3,3,LLM
2,2,3,1,1,Human
4,4,4,2,3,LLM
3,3,4,1,3,Human
4,4,4,3,3,LLM
3,3,4,2,3,Human
4,4,4,3,3,LLM
4,4,4,3,3,Human
4,3,3,3,3,LLM
4,4,4,2,2,Human
4,4,4,3,3,LLM
3,4,4,0,2,Human
4,4,4,3,3,LLM
3,3,4,2,2,Human
4,4,4,3,3,LLM
4,4,4,2,2,Human
4,4,4,3,3,LLM
2,2,3,2,2,Human
4,4,4,3,4,LLM
3,3,3,2,2,Human
4,4,4,3,3,LLM
4,4,4,2,2,Human
4,4,4,3,4,LLM
1,2,4,2,2,Human
4,4,4,3,4,LLM
1,1,4,2,4,Human
3,2,3,2,3,LLM
1,1,4,2,2,Human
3,3,4,2,3,LLM
3,3,4,2,2,Human
4,4,4,3,3,LLM
3,3,4,2,2,Human
4,4,4,3,4,LLM
4,4,4,2,3,Human
4,4,4,3,3,LLM
2,2,4,2,3,Human
4,4,4,3,3,LLM
1,1,4,1,2,Human
4,4,4,2,3,LLM
0,0,2,1,2,Human
4,4,4,3,3,LLM
4,4,4,2,2,Human
4,4,4,4,3,LLM
3,3,3,1,1,Human
4,4,4,2,4,LLM
4,4,4,2,2,Human
4,4,4,3,3,LLM
4,4,4,2,1,Human
4,4,4,3,3,LLM
3,4,3,2,2,Human
4,4,4,3,4,LLM
0,1,2,2,0,Human
1,2,3,1,1,LLM
4,4,4,1,2,Human
4,4,4,3,3,LLM
4,4,4,2,2,Human
4,4,4,3,4,LLM
4,4,4,2,2,Human
4,4,4,3,3,LLM
0,0,3,2,4,Human
2,1,3,2,4,LLM
3,3,4,1,1,Human
4,4,4,3,3,LLM
3,4,4,2,2,Human
4,4,4,3,3,LLM
4,4,4,2,2,Human
4,4,4,3,3,LLM
4,4,4,1,2,Human
4,4,4,3,3,LLM
4,4,4,1,2,Human
4,4,4,3,3,LLM
3,3,3,1,3,Human
4,4,4,3,3,LLM
4,4,4,2,2,Human
4,4,4,3,3,LLM
4,4,4,1,2,Human
4,4,4,3,3,LLM
3,3,4,2,2,Human
4,4,4,2,4,LLM
1,1,2,1,2,Human
3,3,4,3,3,LLM
3,3,4,2,2,Human
4,3,4,3,4,LLM
4,4,4,2,2,Human
4,4,4,3,3,LLM
1,1,2,1,2,Human
2,2,3,2,3,LLM
2,2,4,2,2,Human
4,4,4,3,3,LLM
4,4,4,1,3,Human
3,2,4,2,3,LLM
0,0,3,0,0,Human
1,2,3,1,1,LLM
2,3,3,2,2,Human
1,2,3,2,3,LLM
3,3,4,2,2,Human
2,1,3,2,3,LLM
1,1,3,1,1,Human
4,4,4,3,4,LLM
4,4,4,2,3,Human
4,4,4,3,3,LLM
4,4,4,2,1,Human
4,4,4,1,1,LLM
4,4,4,2,2,Human
4,4,4,2,3,LLM
3,3,4,1,2,Human
4,4,4,3,3,LLM
3,3,4,1,2,Human
4,4,4,3,3,LLM
3,3,3,2,2,Human
4,4,4,3,3,LLM
4,4,4,2,2,Human
4,4,4,3,3,LLM
0,0,4,1,2,Human
2,2,3,2,3,LLM
3,4,3,2,2,Human
2,3,4,2,3,LLM
4,4,4,1,2,Human
4,4,4,3,3,LLM
3,4,4,2,3,Human
4,4,4,3,4,LLM
4,4,4,2,2,Human
3,3,4,3,3,LLM
3,3,4,2,2,Human
4,4,4,3,3,LLM
4,4,4,2,2,Human
3,3,4,3,3,LLM
4,4,4,2,2,Human
4,4,4,4,4,LLM
4,4,4,2,2,Human
4,4,4,3,3,LLM
4,4,4,1,2,Human
4,4,4,3,3,LLM
4,4,4,2,2,Human
4,4,4,3,3,LLM
4,4,4,1,2,Human
4,4,4,3,4,LLM
4,4,4,2,2,Human
4,4,4,3,3,LLM
4,4,4,1,2,Human
3,4,4,1,2,LLM
1,1,4,3,3,Human
4,3,4,3,3,LLM
3,3,3,2,4,Human
2,4,3,2,1,LLM
4,4,4,1,1,Human
4,4,4,2,2,LLM
2,2,4,2,1,Human
3,4,4,2,2,LLM
0,0,2,1,3,Human
2,1,4,3,2,LLM
3,4,4,2,2,Human
4,4,4,3,3,LLM
4,4,4,1,2,Human
4,4,4,3,3,LLM
4,4,4,2,2,Human
4,4,4,3,3,LLM
1,1,4,2,2,Human
3,4,4,3,2,LLM
2,2,3,1,1,Human
4,4,4,3,4,LLM
4,4,4,2,3,Human
4,4,4,3,3,LLM
4,4,4,2,2,Human
4,4,4,3,3,LLM
3,3,4,2,2,Human
4,4,4,3,3,LLM
1,1,3,1,3,Human
4,4,4,3,3,LLM
2,4,2,3,4,Human
3,4,4,3,3,LLM
4,4,4,1,1,Human
4,4,4,3,3,LLM
3,3,3,1,2,Human
4,4,4,2,3,LLM
2,2,4,2,3,Human
4,4,4,3,3,LLM
4,4,4,2,3,Human
3,3,4,3,3,LLM
0,0,3,0,0,Human
1,3,3,1,1,LLM
3,3,3,2,2,Human
4,4,4,3,3,LLM
2,2,3,2,2,Human
3,4,4,2,3,LLM
3,4,3,1,2,Human
4,4,4,3,3,LLM
3,3,4,2,3,Human
4,4,4,3,4,LLM
4,4,4,2,2,Human
4,4,4,3,3,LLM
1,1,4,1,2,Human
3,2,4,3,4,LLM
4,4,4,3,3,Human
4,4,4,3,3,LLM
3,4,4,2,2,Human
3,3,4,3,3,LLM
4,4,4,3,3,Human
4,4,4,3,4,LLM
4,4,4,1,1,Human
4,4,4,3,3,LLM
4,4,4,2,2,Human
4,4,4,3,3,LLM
4,4,4,1,2,Human
4,4,4,3,3,LLM
4,4,4,1,2,Human
4,4,4,3,3,LLM
3,4,4,2,2,Human
4,4,4,3,3,LLM
4,4,4,3,2,Human
4,4,4,3,3,LLM
0,0,3,2,2,Human
4,4,4,4,3,LLM
4,4,4,3,2,Human
3,4,4,3,3,LLM
4,4,4,1,2,Human
3,3,4,3,3,LLM
3,3,3,3,2,Human
4,4,4,3,3,LLM
3,3,4,3,1,Human
3,2,4,3,3,LLM
3,3,2,2,2,Human
3,3,4,3,3,LLM
1,2,1,2,3,Human
3,3,3,3,2,LLM
4,4,4,2,2,Human
3,4,4,3,3,LLM
1,1,4,1,2,Human
4,3,4,3,3,LLM
4,4,4,1,3,Human
4,4,4,3,4,LLM
1,2,3,1,2,Human
2,2,4,2,3,LLM
4,4,4,2,3,Human
3,3,4,3,3,LLM
3,3,3,2,2,Human
4,4,4,3,4,LLM
4,4,4,2,2,Human
4,4,4,3,3,LLM
3,3,3,1,2,Human
4,4,4,3,3,LLM
4,4,4,2,2,Human
3,3,4,3,3,LLM
3,3,3,3,2,Human
4,4,4,3,3,LLM
0,0,3,1,2,Human
4,3,4,3,3,LLM
3,3,4,2,3,Human
4,4,4,3,4,LLM
3,3,4,1,2,Human
4,3,4,2,3,LLM
3,3,4,3,2,Human
4,4,4,3,3,LLM
3,3,3,2,2,Human
4,4,4,3,3,LLM
4,4,4,3,3,Human
4,4,4,3,3,LLM
0,0,2,2,2,Human
4,4,4,3,3,LLM
3,4,4,1,2,Human
4,4,4,3,3,LLM
3,3,4,2,2,Human
4,4,4,3,4,LLM
4,4,4,2,3,Human
4,4,4,3,3,LLM
2,3,3,2,2,Human
1,1,2,2,2,LLM
0,1,3,1,1,Human
3,4,4,2,3,LLM
2,1,2,2,4,Human
2,1,2,1,1,LLM
4,4,4,4,3,Human
4,4,4,3,3,LLM
3,3,4,2,3,Human
4,4,4,3,3,LLM
4,4,4,2,2,Human
4,4,4,3,3,LLM
4,4,4,2,3,Human
4,4,4,3,2,LLM
3,3,4,1,2,Human
3,4,4,2,4,LLM
4,4,4,2,2,Human
4,4,4,3,4,LLM
3,3,3,2,3,Human
4,4,4,3,3,LLM
3,3,3,1,3,Human
4,4,4,3,3,LLM
4,4,4,0,1,Human
3,4,4,1,2,LLM
4,4,4,1,2,Human
3,4,4,2,3,LLM
2,3,3,1,1,Human
4,4,4,3,3,LLM
4,4,4,1,2,Human
3,4,4,2,3,LLM
3,3,4,1,1,Human
4,4,4,1,4,LLM
4,4,4,0,2,Human
4,4,4,1,4,LLM
4,4,4,1,2,Human
4,4,4,2,3,LLM
4,4,4,2,2,Human
4,4,4,2,3,LLM
4,4,4,1,1,Human
4,4,4,3,3,LLM
0,0,1,1,2,Human
1,0,4,2,3,LLM
4,4,4,1,1,Human
3,3,4,2,3,LLM
4,4,4,1,1,Human
3,4,3,2,3,LLM
4,4,4,1,0,Human
3,4,4,2,2,LLM
3,3,4,1,4,Human
4,4,4,3,4,LLM
2,1,4,2,2,Human
2,1,3,2,3,LLM
3,3,4,1,2,Human
4,4,4,3,4,LLM
1,1,3,1,2,Human
3,4,4,1,2,LLM
4,4,4,0,0,Human
4,4,4,1,4,LLM
3,3,4,1,0,Human
3,4,4,1,3,LLM
0,0,1,1,3,Human
0,0,1,1,3,LLM
3,3,3,1,0,Human
3,4,4,2,2,LLM
2,2,3,1,1,Human
4,4,4,2,4,LLM
1,1,3,1,1,Human
1,0,1,1,3,LLM
4,4,4,1,1,Human
4,4,4,2,3,LLM
2,2,3,1,2,Human
3,2,3,3,3,LLM
3,3,4,0,0,Human
4,4,4,2,4,LLM
4,4,4,1,0,Human
3,4,4,2,4,LLM
3,3,4,1,1,Human
4,4,4,2,4,LLM
4,4,4,1,0,Human
3,4,4,3,3,LLM
3,4,3,2,2,Human
4,4,4,3,3,LLM
4,4,4,1,1,Human
4,4,4,2,3,LLM
1,1,4,1,2,Human
4,4,4,3,4,LLM
1,1,1,1,2,Human
2,1,3,2,2,LLM
0,0,2,2,3,Human
1,0,3,2,3,LLM
3,3,3,2,2,Human
4,4,4,2,4,LLM
4,3,4,2,2,Human
4,4,4,3,3,LLM
2,2,3,2,2,Human
3,2,4,3,3,LLM
1,1,2,1,3,Human
2,1,3,2,2,LLM
1,1,4,1,2,Human
4,4,4,3,4,LLM
4,4,4,1,0,Human
3,4,4,2,4,LLM
3,3,4,1,2,Human
4,4,4,3,4,LLM
1,1,4,1,3,Human
3,2,4,2,3,LLM
0,0,1,2,1,Human
1,1,2,2,3,LLM
2,2,3,1,3,Human
4,4,4,3,3,LLM
1,1,3,1,2,Human
4,4,4,2,3,LLM
4,4,4,1,2,Human
4,4,4,1,2,LLM
4,4,4,3,2,Human
4,4,4,3,3,LLM
2,2,3,2,2,Human
2,3,3,2,2,LLM
1,1,4,1,4,Human
2,1,3,2,1,LLM
1,1,3,1,4,Human
1,1,2,1,2,LLM
2,2,4,1,2,Human
3,2,3,2,3,LLM
0,0,1,2,4,Human
1,1,2,1,0,LLM
0,0,4,1,2,Human
4,4,4,3,4,LLM
0,0,4,1,3,Human
4,4,4,3,4,LLM
4,4,4,2,2,Human
4,4,4,3,3,LLM
4,4,4,2,2,Human
4,4,4,3,3,LLM
0,0,3,1,2,Human
0,0,3,1,2,LLM
4,4,4,1,2,Human
3,4,4,2,4,LLM
0,0,1,2,2,Human
1,1,2,2,3,LLM
4,4,4,2,2,Human
4,4,4,3,3,LLM
0,0,3,1,3,Human
2,1,3,3,4,LLM
4,4,4,1,1,Human
2,3,3,2,3,LLM
3,4,4,1,1,Human
4,4,4,2,3,LLM
3,3,4,2,1,Human
3,4,4,3,3,LLM
3,3,4,1,0,Human
3,4,4,2,4,LLM
0,0,3,1,3,Human
2,1,3,2,2,LLM
4,4,4,1,2,Human
4,4,4,3,4,LLM
3,3,4,1,2,Human
3,3,4,3,2,LLM
2,2,4,1,1,Human
4,4,4,3,4,LLM
4,4,4,1,0,Human
4,4,4,3,4,LLM
2,2,4,1,0,Human
1,1,3,2,2,LLM
0,0,4,0,2,Human
1,0,3,1,3,LLM
4,4,4,2,2,Human
4,4,4,3,4,LLM
0,0,3,1,2,Human
4,4,4,3,3,LLM
4,4,4,1,1,Human
4,4,4,2,4,LLM
2,1,4,2,4,Human
3,3,4,3,3,LLM
4,4,4,2,2,Human
3,3,4,3,3,LLM
2,3,4,2,2,Human
3,2,4,3,4,LLM
4,4,4,1,2,Human
4,4,4,3,4,LLM
2,2,3,1,2,Human
4,4,4,3,3,LLM
0,0,4,1,1,Human
2,0,4,1,2,LLM
4,4,4,1,2,Human
3,4,4,3,3,LLM
0,0,4,1,2,Human
1,1,3,2,0,LLM
3,3,4,2,1,Human
4,4,4,3,4,LLM
4,4,4,2,1,Human
4,4,4,3,4,LLM
2,2,4,1,0,Human
3,2,3,2,3,LLM
0,0,1,1,2,Human
0,0,0,0,0,LLM
4,4,4,1,1,Human
4,4,4,2,4,LLM
1,1,4,1,0,Human
1,0,3,1,4,LLM
2,2,4,1,1,Human
4,4,4,3,4,LLM
0,0,3,1,2,Human
4,4,4,1,2,Human
4,4,4,3,3,LLM
4,4,4,0,0,Human
4,4,4,3,4,LLM
4,4,4,1,2,Human
3,4,4,2,3,LLM
2,3,4,1,4,Human
4,4,4,3,3,LLM
0,1,4,1,3,Human
2,1,3,1,2,LLM
4,4,4,1,1,Human
3,4,4,3,2,LLM
4,4,4,2,2,Human
3,4,4,2,3,LLM
1,1,3,1,1,Human
3,2,4,2,4,LLM
1,0,3,1,0,Human
0,0,0,0,0,LLM
4,4,4,2,2,Human
4,4,4,3,3,LLM
0,0,4,0,1,Human
2,4,1,1,0,LLM
1,1,4,1,2,Human
2,1,2,2,3,LLM
3,4,4,1,2,Human
4,4,4,2,4,LLM
2,2,4,3,2,Human
4,4,4,3,4,LLM
4,4,4,1,1,Human
4,4,4,3,4,LLM
4,4,4,0,0,Human
4,4,4,1,1,LLM
3,4,3,2,2,Human
4,4,4,3,4,LLM
0,0,0,1,3,Human
0,0,1,1,0,LLM
0,0,4,1,0,Human
4,4,4,2,4,LLM
4,4,4,1,2,Human
4,4,4,3,4,LLM
0,0,3,1,1,Human
2,1,3,1,2,LLM
2,2,4,1,1,Human
4,4,4,3,4,LLM
4,4,4,1,1,Human
4,4,4,2,2,LLM
4,4,4,2,2,Human
3,3,4,2,4,LLM
1,1,1,1,4,Human
2,2,3,2,3,LLM
2,2,4,1,2,Human
3,3,3,2,3,LLM
1,1,3,1,2,Human
2,1,3,2,3,LLM
2,3,4,1,2,Human
4,4,4,2,3,LLM
3,3,4,1,1,Human
4,4,4,3,4,LLM
1,1,2,1,3,Human
3,2,4,2,3,LLM
4,4,4,1,2,Human
4,4,4,3,4,LLM
4,4,4,1,2,Human
4,4,4,3,4,LLM
4,4,4,1,2,Human
4,4,4,3,4,LLM
3,3,3,2,2,Human
4,4,4,3,4,LLM
3,4,4,1,2,Human
4,4,4,2,4,LLM
4,4,4,0,1,Human
4,4,4,3,4,LLM
1,1,3,1,2,Human
1,0,3,2,1,LLM
2,2,2,2,2,Human
4,4,4,3,4,LLM
4,4,4,1,1,Human
4,4,4,3,3,LLM
4,4,4,1,2,Human
3,3,4,2,4,LLM
4,4,4,1,2,Human
4,4,4,2,3,LLM
4,4,4,1,2,Human
4,3,4,3,3,LLM
4,4,4,2,2,Human
4,4,4,3,3,LLM
4,4,4,1,2,Human
4,4,4,3,4,LLM
2,2,4,0,0,Human
1,1,3,1,2,LLM
4,4,4,1,3,Human
4,4,4,3,3,LLM
3,4,3,2,2,Human
4,4,4,3,3,LLM
3,3,3,2,2,Human
4,4,4,3,3,LLM
2,3,3,1,2,Human
4,4,4,3,3,LLM
4,4,4,2,2,Human
4,4,4,3,3,LLM
4,4,4,1,2,Human
4,4,4,3,2,LLM
4,4,4,1,1,Human
2,4,4,1,2,LLM
4,4,4,2,2,Human
4,4,4,2,2,LLM
3,3,4,2,2,Human
4,4,4,2,3,LLM
4,4,4,2,2,Human
4,4,4,3,3,LLM
2,2,2,2,2,Human
2,2,2,2,3,LLM
4,4,4,2,2,Human
4,4,4,3,3,LLM
3,3,3,2,2,Human
4,4,4,3,3,LLM
4,4,4,1,0,Human
4,4,4,1,4,LLM
2,2,3,1,2,Human
4,4,4,3,4,LLM
4,4,4,2,2,Human
3,4,4,3,3,LLM
0,0,3,2,2,Human
2,1,3,2,3,LLM
1,4,4,2,2,Human
3,3,4,3,3,LLM
4,4,4,1,2,Human
4,4,4,3,3,LLM
3,3,4,1,0,Human
2,2,4,1,1,LLM
0,0,4,2,2,Human
4,4,4,3,3,LLM
1,2,3,1,2,Human
3,2,4,3,3,LLM
4,4,4,2,2,Human
4,4,4,3,3,LLM
4,4,4,1,3,Human
4,4,4,3,3,LLM
3,4,3,2,2,Human
4,4,4,3,3,LLM
0,0,4,1,0,Human
0,0,1,0,1,LLM
3,3,4,1,2,Human
4,4,4,3,4,LLM
2,2,2,1,3,Human
3,2,4,3,2,LLM
3,3,4,1,4,Human
4,3,4,3,2,LLM
4,4,4,2,2,Human
4,4,4,3,3,LLM
2,2,4,2,1,Human
4,4,4,3,3,LLM
4,4,4,2,2,Human
4,4,4,3,3,LLM
2,2,3,2,2,Human
4,4,4,3,3,LLM
4,4,4,1,2,Human
4,4,4,4,4,LLM
4,4,4,0,1,Human
4,4,4,3,4,LLM
4,4,4,1,2,Human
4,4,4,3,3,LLM
4,4,4,2,2,Human
4,4,4,3,3,LLM
4,4,4,2,2,Human
4,4,4,3,3,LLM
4,4,4,2,2,Human
4,4,4,3,4,LLM
4,4,4,2,3,Human
4,4,4,3,3,LLM
4,4,4,2,2,Human
4,4,4,3,4,LLM
2,2,3,2,2,Human
4,4,3,3,3,LLM
1,1,4,1,1,Human
2,3,3,2,2,LLM
1,2,2,1,2,Human
4,4,4,3,3,LLM
3,3,4,2,2,Human
4,4,4,3,3,LLM
4,4,4,2,3,Human
3,2,4,3,3,LLM
3,4,3,2,2,Human
4,4,4,3,4,LLM
4,4,4,1,1,Human
4,4,4,2,3,LLM
4,4,4,2,2,Human
4,4,4,3,3,LLM
0,1,4,2,2,Human
4,3,4,3,4,LLM
2,3,2,1,4,Human
4,4,4,3,3,LLM
4,4,4,2,2,Human
4,4,4,3,3,LLM
4,4,4,3,2,Human
4,4,4,3,4,LLM
3,3,4,1,3,Human
3,4,4,3,3,LLM
3,3,4,2,2,Human
4,4,4,3,3,LLM
4,4,4,1,2,Human
4,4,4,3,3,LLM
4,4,3,2,1,Human
3,3,4,3,3,LLM
4,4,4,2,4,Human
4,4,4,4,3,LLM
4,4,4,2,3,Human
4,3,4,4,4,LLM
3,3,4,2,2,Human
4,4,4,3,4,LLM
3,3,4,1,2,Human
4,4,4,3,3,LLM
3,3,4,2,3,Human
4,4,4,3,3,LLM
4,4,4,2,3,Human
4,4,4,3,3,LLM
3,3,4,3,2,Human
4,4,4,3,3,LLM
4,4,4,2,2,Human
4,4,4,3,3,LLM
4,4,4,1,1,Human
4,4,4,3,4,LLM
2,2,4,2,2,Human
4,4,4,3,3,LLM
1,1,4,2,2,Human
2,1,3,2,3,LLM
3,4,3,2,3,Human
4,3,4,3,4,LLM
4,4,4,1,2,Human
4,4,4,3,4,LLM
1,1,3,2,3,Human
3,2,4,3,3,LLM
4,4,4,1,1,Human
2,3,4,1,1,LLM
4,4,4,1,1,Human
4,4,4,3,4,LLM
4,4,4,1,2,Human
4,4,4,3,3,LLM
2,3,4,1,2,Human
1,4,4,1,2,LLM
3,3,4,2,2,Human
4,4,4,3,3,LLM
4,4,4,2,2,Human
4,4,4,3,3,LLM
4,4,4,2,2,Human
3,4,4,2,3,LLM
4,4,4,2,2,Human
4,4,4,3,3,LLM
3,3,3,1,1,Human
3,3,3,3,3,LLM
4,4,4,2,2,Human
4,4,4,3,3,LLM
3,3,4,2,3,Human
4,4,4,3,3,LLM
4,4,4,2,2,Human
4,4,4,3,3,LLM
3,3,4,2,2,Human
3,3,4,2,3,LLM
4,4,4,1,3,Human
4,4,4,1,1,LLM
1,2,4,1,1,Human
4,4,4,3,3,LLM
1,1,2,2,2,Human
3,2,4,3,3,LLM
3,4,3,3,2,Human
4,4,4,3,3,LLM
4,4,4,2,2,Human
4,4,4,3,4,LLM
3,3,4,2,2,Human
4,3,4,3,3,LLM
1,2,4,2,2,Human
4,4,4,4,3,LLM
4,4,4,1,3,Human
4,4,4,3,4,LLM
3,4,3,2,2,Human
4,4,4,3,3,LLM
4,4,4,2,2,Human
4,4,4,3,3,LLM
2,3,3,2,1,Human
4,4,4,3,3,LLM
4,4,4,2,2,Human
4,4,4,3,3,LLM
3,4,3,2,3,Human
4,4,4,3,3,LLM
4,4,4,2,3,Human
4,4,4,3,3,LLM
2,2,4,1,3,Human
4,4,4,3,3,LLM
4,4,4,1,3,Human
4,4,4,3,4,LLM
2,2,4,1,2,Human
4,4,4,3,4,LLM
4,4,4,2,2,Human
4,4,4,3,3,LLM
3,4,3,2,2,Human
4,4,4,3,3,LLM
3,4,3,2,2,Human
4,4,4,3,4,LLM
3,3,4,2,1,Human
4,4,4,4,4,LLM
3,3,4,2,2,Human
4,4,4,3,3,LLM
4,4,4,2,1,Human
4,4,4,3,3,LLM
1,1,4,1,2,Human
4,4,4,3,3,LLM
4,4,4,1,2,Human
4,4,4,2,4,LLM
3,4,3,1,2,Human
4,4,4,3,4,LLM
3,3,4,2,2,Human
4,4,4,4,3,LLM
4,4,4,1,2,Human
4,4,4,3,4,LLM
4,4,4,2,2,Human
4,4,4,3,4,LLM
4,4,4,2,2,Human
4,4,4,3,3,LLM
2,2,4,0,1,Human
3,3,4,2,3,LLM
4,4,4,2,2,Human
4,4,4,3,3,LLM
3,4,3,2,1,Human
4,4,4,3,3,LLM
4,4,4,1,2,Human
4,4,4,3,3,LLM
3,3,4,2,2,Human
3,4,4,3,3,LLM
4,4,4,1,1,Human
4,4,4,3,4,LLM
2,1,4,1,2,Human
3,4,4,3,3,LLM
4,4,4,2,2,Human
4,4,4,2,3,LLM
4,4,4,2,2,Human
4,4,4,3,3,LLM
2,2,4,1,1,Human
4,4,4,3,3,LLM
2,2,4,2,3,Human
4,4,4,4,4,LLM
3,3,4,2,1,Human
4,4,4,3,4,LLM
1,1,2,2,3,Human
1,2,3,1,2,LLM
3,3,4,1,2,Human
3,3,4,3,3,LLM
0,0,4,1,2,Human
4,4,4,3,4,LLM
0,0,3,2,2,Human
4,4,4,4,4,LLM
2,3,4,2,2,Human
3,3,4,3,3,LLM
3,4,4,2,2,Human
4,4,4,3,4,LLM
1,1,4,1,3,Human
4,4,4,4,4,LLM
3,3,4,1,2,Human
4,3,4,4,4,LLM
3,4,4,1,2,Human
4,4,4,3,4,LLM
2,2,3,2,2,Human
4,4,4,3,4,LLM
4,4,4,2,2,Human
4,4,4,3,4,LLM
2,1,4,2,2,Human
4,4,4,3,4,LLM
4,4,3,3,3,Human
4,4,4,4,3,LLM
0,0,4,2,4,Human
2,1,3,3,4,LLM
3,3,4,2,2,Human
4,4,4,3,4,LLM
4,4,4,2,1,Human
4,4,4,4,3,LLM
3,3,4,3,3,Human
4,4,4,4,3,LLM
0,0,4,1,4,Human
2,3,3,2,2,LLM
1,1,3,2,2,Human
2,2,3,2,1,LLM
3,4,4,2,3,Human
4,3,4,4,4,LLM
0,0,4,2,3,Human
2,2,3,2,3,LLM
3,3,3,2,2,Human
3,4,4,2,3,LLM
4,4,4,1,2,Human
4,4,4,3,4,LLM
3,3,4,1,2,Human
4,4,4,3,3,LLM
3,3,4,1,2,Human
3,2,4,2,3,LLM
2,2,3,2,2,Human
4,4,4,3,4,LLM
4,4,4,1,2,Human
4,4,4,3,3,LLM
4,4,4,1,3,Human
4,4,4,4,3,LLM
4,4,4,2,2,Human
4,4,4,3,4,LLM
4,4,4,1,2,Human
4,4,4,4,4,LLM
0,0,4,1,2,Human
0,0,1,1,1,LLM
3,3,4,1,2,Human
3,2,4,3,4,LLM
2,2,2,2,4,Human
4,4,4,3,1,LLM
1,1,2,1,3,Human
4,4,4,3,4,LLM
0,0,3,2,3,Human
1,1,2,1,3,LLM
4,4,4,1,2,Human
4,4,4,3,4,LLM
3,3,4,1,3,Human
4,4,4,3,4,LLM
4,4,4,1,2,Human
4,4,4,3,4,LLM
0,0,4,2,3,Human
4,4,4,4,4,LLM
1,1,4,2,2,Human
4,3,4,3,2,LLM
2,2,3,1,1,Human
2,4,4,2,1,LLM
1,1,2,2,3,Human
2,1,3,3,3,LLM
3,3,3,2,2,Human
4,4,4,4,3,LLM
3,3,3,2,2,Human
3,3,4,3,3,LLM
2,3,3,2,2,Human
4,4,4,3,3,LLM
4,4,4,2,2,Human
4,4,4,3,3,LLM
3,3,3,2,2,Human
4,4,4,3,4,LLM
4,3,3,1,2,Human
4,4,4,3,4,LLM
1,1,3,2,2,Human
3,4,4,3,3,LLM
2,2,3,3,1,Human
4,4,4,3,4,LLM
4,4,4,2,1,Human
4,4,4,3,3,LLM
2,2,3,1,2,Human
3,3,4,3,3,LLM
3,3,4,1,2,Human
3,4,4,3,3,LLM
3,3,4,2,2,Human
4,4,4,3,4,LLM
4,4,4,2,3,Human
4,4,4,3,3,LLM
1,1,4,1,1,Human
2,3,4,2,3,LLM
4,4,4,2,3,Human
4,4,4,4,4,LLM
4,4,4,1,2,Human
4,4,4,3,3,LLM
3,4,4,2,2,Human
4,4,4,3,3,LLM
3,3,3,2,1,Human
4,4,4,3,4,LLM
2,2,4,0,0,Human
2,3,3,1,2,LLM
4,4,4,1,1,Human
4,4,4,3,4,LLM
3,3,4,1,3,Human
4,4,4,3,4,LLM
1,1,4,1,0,Human
1,3,2,1,1,LLM
4,4,4,1,2,Human
4,4,4,3,4,LLM
2,2,4,2,2,Human
3,4,4,3,3,LLM
3,3,4,2,3,Human
4,3,4,4,4,LLM
3,3,3,3,2,Human
4,4,4,3,4,LLM
1,1,4,1,2,Human
2,4,4,3,3,LLM
2,2,3,1,1,Human
3,2,4,2,3,LLM
2,2,3,2,2,Human
4,4,4,2,4,LLM
4,4,4,1,2,Human
3,4,4,3,3,LLM
4,4,4,1,2,Human
4,4,4,3,4,LLM
4,4,4,2,3,Human
4,3,4,4,3,LLM
1,1,4,1,3,Human
1,3,3,1,1,LLM
3,3,4,1,2,Human
3,4,3,2,3,LLM
3,3,4,2,2,Human
4,4,4,4,4,LLM
3,3,3,2,2,Human
4,4,4,4,4,LLM
4,4,4,1,1,Human
4,4,4,3,4,LLM
1,2,2,1,1,Human
3,3,4,2,3,LLM
4,4,4,2,2,Human
4,4,4,3,3,LLM
4,4,3,2,2,Human
4,4,4,4,4,LLM
3,3,3,3,3,Human
3,3,4,3,3,LLM
4,4,4,1,2,Human
4,4,4,4,4,LLM
2,2,2,2,3,Human
0,3,4,2,2,LLM
2,2,3,1,0,Human
4,3,4,3,4,LLM
2,2,4,2,3,Human
4,4,4,3,2,LLM
1,1,3,2,2,Human
2,3,3,2,2,LLM
2,2,4,2,2,Human
3,3,4,3,2,LLM
3,3,4,3,3,Human
4,4,4,3,3,LLM
3,3,3,2,2,Human
4,4,4,3,2,LLM
3,3,4,2,3,Human
4,4,4,3,4,LLM
2,2,4,1,3,Human
4,4,4,3,4,LLM
4,4,4,2,2,Human
4,4,4,3,4,LLM
4,4,4,1,1,Human
4,4,4,4,4,LLM
4,4,4,2,2,Human
4,4,4,3,3,LLM
4,4,4,2,1,Human
4,4,4,3,3,LLM
0,0,2,1,1,Human
1,1,1,1,1,LLM
2,2,4,2,2,Human
4,4,4,3,3,LLM
3,3,3,2,1,Human
4,4,4,3,4,LLM
3,3,4,1,2,Human
4,4,4,3,4,LLM
2,2,2,1,2,Human
3,3,4,3,3,LLM
4,4,4,2,2,Human
4,4,4,4,3,LLM
4,4,4,2,2,Human
4,4,4,3,4,LLM
3,3,3,2,2,Human
4,4,4,3,4,LLM
3,3,3,1,2,Human
4,4,4,3,3,LLM
4,4,4,2,2,Human
4,4,4,4,4,LLM
2,2,4,2,2,Human
4,4,4,3,3,LLM
3,3,3,2,3,Human
4,4,4,3,3,LLM
4,4,4,3,2,Human
4,4,4,4,4,LLM
3,3,3,2,2,Human
4,3,4,3,4,LLM
3,3,4,2,2,Human
4,4,4,3,3,LLM
4,4,4,2,2,Human
2,1,2,3,2,LLM
1,1,3,2,2,Human
3,2,4,2,3,LLM
4,4,4,2,2,Human
3,4,4,2,1,LLM
2,1,3,2,2,Human
4,3,4,3,3,LLM
2,2,3,2,1,Human
4,4,4,3,3,LLM
3,3,3,3,3,Human
4,4,4,3,3,LLM
3,3,3,2,1,Human
4,4,4,3,3,LLM
3,3,4,2,2,Human
4,4,4,3,3,LLM
0,0,3,2,4,Human
4,4,4,3,3,LLM
1,1,4,2,2,Human
3,4,4,3,3,LLM
1,1,4,2,2,Human
2,2,3,2,2,LLM
1,1,3,1,2,Human
4,4,4,3,3,LLM
4,4,4,1,2,Human
4,4,4,3,2,LLM
0,0,2,1,1,Human
2,1,3,2,4,LLM
0,0,4,1,2,Human
4,4,4,3,3,LLM
1,1,4,1,2,Human
4,4,4,3,4,LLM
0,1,1,2,1,Human
1,0,1,2,1,LLM
3,3,3,1,3,Human
4,4,4,2,3,LLM
0,0,4,2,2,Human
2,2,4,3,3,LLM
4,4,4,4,2,Human
4,4,4,4,4,LLM
4,4,4,3,1,Human
4,4,4,3,3,LLM
4,4,4,2,2,Human
2,3,3,2,3,LLM
3,4,4,2,3,Human
4,4,4,3,3,LLM
3,3,3,2,2,Human
4,4,4,3,3,LLM
4,4,4,1,2,Human
2,2,3,1,1,LLM
1,1,4,2,0,Human
1,3,3,1,1,LLM
4,4,4,2,2,Human
4,4,4,3,4,LLM
3,3,3,1,0,Human
2,2,2,2,1,LLM
4,4,4,2,2,Human
4,4,4,3,4,LLM
4,4,4,4,3,Human
4,4,4,3,4,LLM
4,4,4,2,2,Human
4,4,4,3,3,LLM
4,4,4,2,2,Human
4,4,4,3,4,LLM
4,4,4,2,2,Human
4,4,4,3,3,LLM
1,0,3,2,2,Human
3,4,4,3,2,LLM
2,2,3,2,2,Human
2,2,3,2,3,LLM
1,2,2,2,4,Human
3,3,3,3,2,LLM
4,4,4,3,2,Human
3,3,4,3,3,LLM
1,1,3,2,3,Human
2,2,3,2,3,LLM
3,3,4,1,1,Human
3,4,4,3,3,LLM
4,4,4,2,2,Human
4,4,4,3,4,LLM
2,2,4,2,4,Human
4,4,4,3,3,LLM
4,4,4,2,2,Human
4,4,4,3,3,LLM
3,3,3,2,2,Human
4,4,4,3,3,LLM
4,4,4,2,2,Human
4,4,4,3,3,LLM
2,2,3,1,2,Human
4,4,4,3,3,LLM
1,1,2,3,2,Human
3,4,4,3,3,LLM
2,3,3,1,1,Human
4,4,4,3,4,LLM
4,4,4,2,2,Human
4,4,4,3,3,LLM
4,4,4,2,1,Human
3,4,4,1,2,LLM
4,3,4,2,2,Human
4,4,4,3,3,LLM
4,4,4,2,2,Human
3,4,4,3,3,LLM
3,3,4,2,2,Human
4,4,4,3,3,LLM
3,3,3,1,2,Human
1,0,2,2,2,LLM
1,1,4,2,1,Human
3,4,4,2,3,LLM
0,0,4,0,0,Human
1,0,2,1,1,LLM
3,3,4,2,2,Human
4,4,4,3,3,LLM
3,3,3,2,2,Human
4,4,4,3,3,LLM
4,4,4,2,3,Human
4,4,4,3,3,LLM
4,4,4,2,1,Human
4,4,4,3,4,LLM
2,3,3,2,2,Human
3,3,4,3,3,LLM
1,1,1,2,2,Human
0,0,1,0,1,LLM
4,4,4,2,2,Human
4,4,4,3,4,LLM
4,4,4,1,2,Human
4,4,4,3,3,LLM
4,4,4,1,2,Human
4,4,4,3,4,LLM
3,3,4,2,2,Human
3,4,4,2,2,LLM
3,3,3,2,3,Human
4,4,4,4,3,LLM
4,4,4,2,2,Human
4,4,4,3,2,LLM
3,1,4,1,1,Human
2,3,3,1,1,LLM
2,2,4,1,1,Human
4,4,4,3,3,LLM
4,4,4,1,1,Human
4,4,4,3,3,LLM
3,3,4,2,2,Human
4,4,4,3,3,LLM
4,4,4,2,2,Human
4,4,4,3,3,LLM
4,4,4,2,2,Human
4,4,4,3,3,LLM
3,3,3,2,2,Human
4,4,4,3,3,LLM
4,4,4,2,2,Human
4,4,4,3,3,LLM
3,3,4,2,2,Human
4,4,4,2,3,LLM
4,4,4,2,2,Human
3,4,4,2,3,LLM
4,4,4,1,2,Human
3,3,3,2,3,LLM
4,4,4,1,2,Human
4,4,4,3,3,LLM
1,1,3,1,2,Human
3,2,3,3,2,LLM
4,4,4,2,2,Human
4,4,4,3,3,LLM
0,0,4,1,0,Human
4,4,4,1,1,LLM
3,4,3,2,2,Human
4,3,4,3,4,LLM
4,4,4,2,2,Human
4,4,4,3,4,LLM
3,3,3,2,2,Human
4,4,4,3,3,LLM
1,1,3,2,1,Human
3,4,4,3,2,LLM
1,1,4,2,3,Human
3,4,4,3,2,LLM
3,3,4,3,1,Human
4,4,4,3,3,LLM
4,4,4,3,2,Human
4,4,4,4,4,LLM
4,4,4,1,1,Human
4,4,4,1,2,LLM
4,4,4,1,1,Human
1,1,3,1,1,LLM
3,4,3,2,2,Human
4,4,4,3,4,LLM
4,4,4,1,2,Human
4,4,4,3,3,LLM
3,3,4,1,3,Human
4,4,4,3,2,LLM
4,4,4,2,2,Human
4,4,4,3,4,LLM
0,0,4,1,2,Human
1,0,3,3,2,LLM
4,4,4,2,1,Human
3,3,4,3,2,LLM
4,4,4,2,1,Human
2,1,4,2,3,LLM
3,3,4,1,2,Human
4,4,4,3,3,LLM
4,4,4,1,1,Human
4,4,4,3,3,LLM
2,2,3,1,1,Human
4,4,4,3,3,LLM
3,3,4,1,2,Human
2,3,4,1,2,LLM
2,2,3,1,2,Human
3,4,4,2,3,LLM
4,4,4,2,3,Human
3,3,4,3,3,LLM
4,4,4,2,1,Human
4,4,4,3,4,LLM
3,4,3,2,2,Human
4,4,4,4,4,LLM
4,4,4,2,1,Human
4,4,4,3,3,LLM
4,4,4,1,1,Human
3,4,4,3,3,LLM
1,1,2,1,0,Human
2,4,4,1,2,LLM
2,2,2,1,3,Human
4,4,4,3,3,LLM
4,4,4,2,3,Human
4,4,4,3,3,LLM
1,1,3,1,3,Human
3,4,4,3,2,LLM
1,1,4,1,2,Human
3,4,4,2,3,LLM
0,0,3,1,2,Human
3,3,4,3,3,LLM
4,4,4,2,2,Human
4,4,4,3,3,LLM
4,4,4,3,2,Human
2,1,2,2,3,LLM
3,4,4,2,2,Human
2,1,3,3,2,LLM
3,3,3,2,2,Human
3,4,4,2,3,LLM
0,0,4,2,2,Human
4,4,4,3,3,LLM
4,4,4,1,2,Human
4,4,4,3,2,LLM
3,3,4,1,2,Human
4,4,4,3,4,LLM
4,4,4,1,1,Human
4,4,4,3,4,LLM
1,1,4,1,2,Human
4,4,4,3,4,LLM
1,1,4,2,2,Human
2,3,3,2,3,LLM
4,4,4,1,2,Human
4,4,4,3,3,LLM
4,3,4,1,2,Human
4,4,4,3,3,LLM
3,3,3,2,3,Human
4,4,4,3,3,LLM
4,4,4,2,2,Human
4,4,4,4,3,LLM
4,4,4,2,2,Human
4,4,4,3,2,LLM
3,2,3,1,2,Human
3,4,2,3,3,LLM
3,4,4,2,2,Human
4,4,4,3,4,LLM
4,4,4,2,2,Human
1,1,2,1,2,LLM
3,4,4,1,2,Human
4,4,4,3,3,LLM
4,4,4,3,3,Human
4,4,4,3,4,LLM
4,4,4,2,2,Human
4,4,4,3,4,LLM
3,3,3,3,2,Human
4,4,4,3,3,LLM
4,4,4,2,2,Human
4,4,4,3,3,LLM
4,4,3,1,4,Human
3,3,4,2,3,LLM
4,4,4,2,3,Human
4,4,4,4,3,LLM
1,1,3,1,1,Human
2,2,3,2,3,LLM
4,4,4,2,2,Human
3,2,4,3,3,LLM
2,3,3,2,3,Human
3,2,4,3,3,LLM
1,2,4,1,3,Human
3,2,4,3,3,LLM
4,4,4,2,2,Human
4,4,4,3,3,LLM
4,4,4,0,2,Human
4,4,4,3,4,LLM
4,4,4,3,3,Human
4,4,4,3,3,LLM
4,4,4,2,2,Human
4,4,4,3,3,LLM
4,4,4,2,2,Human
4,4,4,4,3,LLM
2,1,3,2,1,Human
4,4,4,3,3,LLM
0,0,4,1,1,Human
2,1,3,1,3,LLM
4,4,4,2,2,Human
4,4,4,3,3,LLM
3,2,4,2,2,Human
4,4,4,3,3,LLM
3,3,3,1,2,Human
3,4,4,2,3,LLM
3,3,4,1,2,Human
4,4,4,3,3,LLM
3,2,3,1,2,Human
4,4,4,3,3,LLM
1,1,4,1,1,Human
4,4,4,3,3,LLM
1,1,4,1,0,Human
3,4,4,2,2,LLM
4,4,4,1,2,Human
4,4,4,3,3,LLM
4,4,4,2,2,Human
4,4,4,3,3,LLM
3,3,4,2,2,Human
4,4,4,3,3,LLM
4,4,4,2,2,Human
4,4,4,3,3,LLM
2,2,3,2,1,Human
4,4,4,3,3,LLM
4,2,4,2,1,Human
4,4,4,3,4,LLM
2,2,2,2,2,Human
4,3,4,3,4,LLM
2,2,4,1,2,Human
4,4,4,4,4,LLM
3,3,4,2,2,Human
4,4,4,3,3,LLM
3,4,3,2,2,Human
3,3,4,3,3,LLM
4,4,4,0,1,Human
4,4,4,3,3,LLM
2,2,3,1,4,Human
4,4,4,2,3,LLM
4,4,4,3,2,Human
4,4,4,3,3,LLM
0,1,4,1,0,Human
3,4,4,1,2,LLM
0,0,2,1,2,Human
1,4,4,2,1,LLM
3,3,4,2,2,Human
4,4,4,3,3,LLM
3,3,4,2,1,Human
4,4,4,3,2,LLM
3,3,3,2,2,Human
4,4,4,3,3,LLM
4,4,4,1,2,Human
4,4,4,3,3,LLM
0,0,4,2,2,Human
3,3,4,3,3,LLM
0,0,4,1,0,Human
1,2,2,1,1,LLM
4,4,4,2,2,Human
4,4,4,3,4,LLM
4,4,4,2,2,Human
4,4,4,3,3,LLM
4,4,4,1,2,Human
3,2,4,3,3,LLM
4,4,4,2,2,Human
4,4,4,3,2,LLM
0,0,3,1,0,Human
1,1,3,1,2,LLM
4,4,4,2,2,Human
4,4,4,3,3,LLM
3,3,4,2,2,Human
4,4,4,3,4,LLM
0,0,4,1,3,Human
2,4,4,3,3,LLM
4,4,4,2,2,Human
3,4,4,2,3,LLM
4,2,4,1,1,Human
4,4,4,3,3,LLM
0,0,4,1,0,Human
2,3,3,1,1,LLM
4,4,4,1,1,Human
3,4,4,2,3,LLM
1,1,4,2,2,Human
3,3,4,3,3,LLM
1,3,4,1,1,Human
1,2,3,1,1,LLM
4,4,4,1,0,Human
4,4,4,1,1,LLM
3,3,4,2,3,Human
4,4,4,3,3,LLM
0,0,3,1,1,Human
2,4,4,1,2,LLM
4,4,3,1,1,Human
3,3,4,2,3,LLM
3,3,4,2,3,Human
4,4,4,3,4,LLM
4,4,4,1,2,Human
4,4,4,3,4,LLM
3,3,4,1,2,Human
4,4,4,4,3,LLM
4,3,4,1,2,Human
4,4,4,3,3,LLM
1,1,3,1,1,Human
1,1,3,1,1,LLM
4,4,4,2,2,Human
4,4,4,4,3,LLM
4,4,4,2,3,Human
4,4,4,4,3,LLM
4,4,4,1,2,Human
2,1,3,1,3,LLM
3,3,3,2,2,Human
4,4,4,3,3,LLM
4,4,4,1,2,Human
2,4,4,1,2,LLM
3,3,3,2,2,Human
4,4,4,3,3,LLM
0,0,4,2,1,Human
1,1,2,1,1,LLM
2,2,4,2,2,Human
3,4,4,3,3,LLM
3,3,4,1,2,Human
4,4,4,3,3,LLM
4,4,4,2,2,Human
4,4,4,3,3,LLM
4,4,4,2,3,Human
3,3,4,3,3,LLM
1,2,4,2,3,Human
4,4,4,3,4,LLM
2,3,3,2,1,Human
4,4,4,3,3,LLM
3,3,4,2,2,Human
4,4,4,3,3,LLM
4,4,4,3,2,Human
4,4,4,3,3,LLM
4,4,4,2,2,Human
4,4,4,3,3,LLM
3,3,4,1,2,Human
4,4,4,3,3,LLM
4,4,4,1,0,Human
4,4,4,2,4,LLM
4,4,4,3,2,Human
4,4,4,3,4,LLM
1,1,4,1,1,Human
2,2,4,2,3,LLM
3,3,4,2,2,Human
3,3,4,2,3,LLM
4,4,4,2,1,Human
2,1,3,2,4,LLM
3,3,4,2,3,Human
4,4,4,3,3,LLM
4,4,4,2,2,Human
4,3,4,2,3,LLM
2,2,4,1,2,Human
1,3,4,2,3,LLM
0,0,4,2,3,Human
4,3,4,3,3,LLM
3,3,4,1,2,Human
4,4,4,3,3,LLM
2,2,4,1,2,Human
3,4,4,3,4,LLM
1,1,4,1,3,Human
3,4,4,3,2,LLM
4,4,4,3,2,Human
4,4,4,3,3,LLM
0,0,4,2,2,Human
4,4,4,3,3,LLM
3,3,4,2,1,Human
4,4,4,3,3,LLM
4,4,4,2,2,Human
4,4,4,3,3,LLM
4,4,4,2,2,Human
4,4,4,4,4,LLM
3,4,3,2,2,Human
4,4,4,3,4,LLM
4,4,4,2,2,Human
4,4,4,2,3,LLM
3,3,3,2,2,Human
4,4,4,4,3,LLM
3,3,4,2,3,Human
4,4,4,4,3,LLM
4,4,4,1,1,Human
4,4,4,3,3,LLM
4,4,4,1,2,Human
4,4,4,3,3,LLM
3,4,4,2,2,Human
4,4,4,3,3,LLM
4,4,4,2,1,Human
4,4,4,3,3,LLM
2,2,4,1,2,Human
4,4,4,3,4,LLM
4,4,4,2,1,Human
3,4,4,2,2,LLM
4,4,4,1,2,Human
3,4,4,2,2,LLM
4,4,4,2,2,Human
4,4,4,3,3,LLM
4,4,4,2,3,Human
4,4,4,3,3,LLM
3,3,3,1,2,Human
4,4,4,3,4,LLM
0,0,4,3,3,Human
3,2,4,3,3,LLM
1,1,2,2,2,Human
1,1,3,1,2,LLM
4,4,4,2,2,Human
4,4,4,3,3,LLM
2,4,3,1,2,Human
4,4,4,3,3,LLM
1,1,4,2,2,Human
4,4,4,3,3,LLM
2,2,2,2,2,Human
4,4,4,3,3,LLM
4,4,4,1,1,Human
4,4,4,3,3,LLM
4,4,4,2,3,Human
4,4,4,4,3,LLM
4,4,4,2,2,Human
4,4,4,4,3,LLM
0,0,4,1,4,Human
3,3,4,2,4,LLM
4,4,4,1,2,Human
3,4,4,3,3,LLM
4,4,4,2,2,Human
4,4,4,3,3,LLM
3,3,4,2,2,Human
4,4,4,3,3,LLM
1,4,4,2,2,Human
1,1,1,1,3,LLM
3,3,4,2,2,Human
4,4,4,3,3,LLM
3,2,4,1,1,Human
4,4,4,3,4,LLM
4,4,4,2,2,Human
4,4,4,3,3,LLM
3,3,4,2,1,Human
4,4,4,2,2,LLM
3,3,4,2,2,Human
4,4,4,3,3,LLM
3,3,4,1,3,Human
4,4,4,3,3,LLM
0,1,4,2,2,Human
1,3,4,2,3,LLM
3,3,4,1,2,Human
4,4,4,3,4,LLM
4,4,4,3,2,Human
4,4,4,3,3,LLM
3,3,3,2,3,Human
4,4,4,4,3,LLM
3,3,4,1,1,Human
4,4,4,3,3,LLM
0,0,2,1,2,Human
1,0,2,1,1,LLM
1,4,4,2,2,Human
3,2,4,3,3,LLM
4,4,4,1,2,Human
2,4,4,1,3,LLM
1,1,4,1,2,Human
3,3,4,2,3,LLM
3,4,4,2,2,Human
4,4,4,3,4,LLM
2,2,3,2,2,Human
4,4,4,3,3,LLM
4,4,4,2,2,Human
4,4,4,4,4,LLM
4,4,4,1,2,Human
4,4,4,3,3,LLM
3,3,4,1,1,Human
4,4,4,3,4,LLM
4,4,4,2,4,Human
3,2,4,3,3,LLM
3,3,4,1,3,Human
4,4,4,3,3,LLM
0,0,4,2,2,Human
1,3,3,1,1,LLM
4,4,4,2,3,Human
4,4,4,3,3,LLM
4,4,4,2,2,Human
4,4,4,3,3,LLM
4,4,4,2,2,Human
4,4,4,4,4,LLM
0,0,4,1,2,Human
4,4,4,3,4,LLM
4,4,4,2,2,Human
4,4,4,4,3,LLM
3,3,4,2,3,Human
4,3,4,4,3,LLM
0,0,2,2,3,Human
1,0,1,2,2,LLM
2,2,4,2,2,Human
2,3,3,2,3,LLM
4,4,4,2,2,Human
4,4,4,3,4,LLM
4,4,4,0,0,Human
2,1,3,1,2,LLM
1,1,1,1,3,Human
3,3,4,3,3,LLM
3,3,4,2,3,Human
4,4,4,3,3,LLM
0,0,2,0,0,Human
1,2,2,1,1,LLM
4,4,4,1,2,Human
4,4,4,4,4,LLM
2,3,3,1,2,Human
4,4,4,3,4,LLM
3,4,3,2,2,Human
4,4,4,3,4,LLM
4,4,4,1,1,Human
4,4,4,3,4,LLM
4,4,4,2,1,Human
4,4,4,3,3,LLM
3,3,4,2,2,Human
4,4,4,3,3,LLM
3,3,3,2,1,Human
4,4,4,3,3,LLM
2,2,4,1,1,Human
4,4,4,3,4,LLM
3,3,4,1,1,Human
3,4,4,2,3,LLM
4,4,4,3,3,Human
3,2,4,3,3,LLM
2,2,3,1,0,Human
4,4,4,3,4,LLM
4,4,4,3,3,Human
4,4,4,3,3,LLM
3,3,4,2,2,Human
4,4,4,3,3,LLM
3,3,4,2,2,Human
4,4,4,3,3,LLM
3,3,3,2,2,Human
4,4,4,4,3,LLM
4,4,4,2,2,Human
4,4,4,3,3,LLM
4,4,4,1,2,Human
4,4,4,3,4,LLM
2,3,3,2,3,Human
3,4,4,2,3,LLM
4,4,4,2,1,Human
4,4,4,4,4,LLM
1,4,2,2,2,Human
3,2,4,3,3,LLM
4,4,4,2,2,Human
3,3,4,3,3,LLM
1,1,4,1,2,Human
3,2,3,3,3,LLM
1,1,3,1,1,Human
3,4,4,2,3,LLM
3,3,3,2,3,Human
4,4,4,3,4,LLM
4,4,4,2,1,Human
3,4,4,1,1,LLM
4,4,4,2,1,Human
3,4,4,1,1,LLM
2,2,3,1,1,Human
3,2,4,3,3,LLM
1,1,4,2,1,Human
4,4,4,3,3,LLM
3,3,4,2,2,Human
4,4,4,3,4,LLM
4,4,4,2,2,Human
4,4,4,4,3,LLM
3,3,4,1,2,Human
4,4,4,3,3,LLM
3,3,4,2,2,Human
3,4,4,3,3,LLM
0,0,3,1,0,Human
0,0,1,0,1,LLM
1,1,3,1,2,Human
3,3,3,2,3,LLM
1,1,4,0,2,Human
2,2,3,2,3,LLM
4,4,4,2,2,Human
4,4,4,3,3,LLM
3,3,4,2,2,Human
4,4,4,3,2,LLM
1,2,4,0,0,Human
4,4,4,2,2,LLM
0,1,4,1,2,Human
4,4,4,3,4,LLM
0,0,4,1,2,Human
3,4,4,3,3,LLM
4,4,4,3,3,Human
3,3,4,3,3,LLM
4,4,4,4,4,Human
4,4,4,3,3,LLM
4,4,4,2,2,Human
4,4,4,4,4,LLM
3,2,4,2,2,Human
4,4,4,3,3,LLM
3,3,4,2,2,Human
4,4,4,3,4,LLM
4,4,4,1,2,Human
4,4,4,3,4,LLM
4,4,3,2,2,Human
4,4,4,3,3,LLM
3,3,4,2,3,Human
4,4,4,3,3,LLM
0,0,4,2,1,Human
3,2,4,3,3,LLM
4,4,4,1,0,Human
4,4,4,1,1,LLM
4,4,4,1,1,Human
4,4,4,2,2,LLM
4,4,4,1,2,Human
3,4,4,3,2,LLM
1,4,4,1,2,Human
2,2,3,2,2,LLM
4,4,4,2,2,Human
4,4,4,3,3,LLM
0,0,4,1,2,Human
4,4,4,3,3,LLM
0,0,3,1,2,Human
4,4,4,3,4,LLM
4,4,4,2,3,Human
4,4,4,3,3,LLM
2,3,3,2,2,Human
4,4,4,3,3,LLM
3,3,4,2,2,Human
4,4,4,3,3,LLM
1,1,3,1,2,Human
2,3,3,2,2,LLM
4,4,4,1,3,Human
3,3,4,3,3,LLM
4,4,4,3,3,Human
4,4,4,3,3,LLM
3,4,3,2,3,Human
4,4,4,3,3,LLM
2,2,3,2,2,Human
4,4,4,4,3,LLM
0,0,4,1,3,Human
3,2,4,2,3,LLM
3,3,4,2,2,Human
4,4,4,4,3,LLM
4,4,4,2,2,Human
4,4,4,3,3,LLM
4,4,3,3,2,Human
4,4,4,3,3,LLM
0,0,4,2,0,Human
2,1,3,2,3,LLM
4,4,4,2,3,Human
2,1,3,2,3,LLM
3,3,4,2,2,Human
4,4,4,3,4,LLM
2,2,2,1,2,Human
4,4,4,3,3,LLM
4,4,4,1,1,Human
2,2,3,2,3,LLM
4,4,4,2,2,Human
4,4,4,3,3,LLM
4,4,4,2,2,Human
4,4,4,4,4,LLM
4,4,4,1,1,Human
4,4,4,3,2,LLM
3,4,3,3,2,Human
4,4,4,3,3,LLM
4,4,4,2,2,Human
4,4,4,3,4,LLM
4,4,4,2,2,Human
4,4,4,3,3,LLM
3,3,3,2,2,Human
4,4,4,3,3,LLM
4,4,4,2,2,Human
4,4,4,3,3,LLM
4,4,4,2,2,Human
4,4,4,3,3,LLM
4,4,4,2,2,Human
4,4,4,3,3,LLM
1,0,3,2,2,Human
2,2,2,1,2,LLM
4,4,4,2,3,Human
4,4,4,3,4,LLM
4,4,4,1,2,Human
4,4,4,3,3,LLM
3,4,3,2,2,Human
4,4,4,3,3,LLM
4,4,4,2,2,Human
4,4,4,3,4,LLM
4,4,4,2,2,Human
4,4,4,3,3,LLM
2,2,4,2,2,Human
4,4,4,3,3,LLM
4,4,4,1,2,Human
3,4,4,2,3,LLM
0,2,4,2,2,Human
3,2,4,3,3,LLM
1,1,2,2,4,Human
2,1,4,3,3,LLM
0,0,4,1,4,Human
2,1,3,3,3,LLM
3,3,4,1,1,Human
4,4,4,3,3,LLM
0,0,4,2,0,Human
0,0,1,1,1,LLM
3,3,4,1,1,Human
4,3,4,3,3,LLM
3,3,4,2,0,Human
4,4,4,3,3,LLM
1,1,4,2,3,Human
4,4,4,3,3,LLM
4,4,4,2,2,Human
4,4,4,3,3,LLM
1,1,4,1,2,Human
4,4,4,3,3,LLM
3,4,4,2,2,Human
4,4,4,3,3,LLM
2,2,4,1,2,Human
4,4,4,3,3,LLM
0,0,4,1,4,Human
4,4,4,4,3,LLM
1,1,4,1,2,Human
3,3,4,2,3,LLM
3,3,4,2,3,Human
3,3,4,2,2,LLM
3,3,4,1,2,Human
4,4,4,3,4,LLM
4,4,4,2,3,Human
3,4,4,3,3,LLM
0,0,2,2,2,Human
1,1,3,1,2,LLM
3,3,4,1,1,Human
4,4,4,2,3,LLM
1,1,4,0,2,Human
3,1,2,2,3,LLM
4,4,4,1,2,Human
4,4,4,3,4,LLM
3,3,3,1,2,Human
4,4,4,2,4,LLM
3,3,4,1,3,Human
4,4,4,3,3,LLM
1,1,4,1,2,Human
3,4,4,3,3,LLM
4,4,4,1,2,Human
4,4,4,3,4,LLM
4,4,4,2,2,Human
4,4,4,3,3,LLM
0,0,2,1,3,Human
1,1,3,1,4,LLM
1,1,4,2,4,Human
2,2,4,3,3,LLM
3,4,4,1,2,Human
4,4,4,3,3,LLM
2,2,3,1,2,Human
4,4,4,3,3,LLM
3,4,4,2,2,Human
4,4,4,3,3,LLM
4,4,4,2,3,Human
4,4,4,2,3,LLM
2,2,2,2,2,Human
4,3,4,3,4,LLM
3,3,4,2,2,Human
4,4,4,3,3,LLM
4,1,2,2,2,Human
4,4,4,3,3,LLM
4,4,4,2,1,Human
4,4,4,3,3,LLM
1,1,4,2,1,Human
4,4,4,3,3,LLM
1,1,4,2,1,Human
3,3,4,3,2,LLM
1,1,3,1,3,Human
1,2,3,2,2,LLM
4,4,4,2,3,Human
4,4,4,3,3,LLM
3,3,4,1,1,Human
3,3,4,2,2,LLM
0,0,3,1,0,Human
0,0,1,1,1,LLM
4,4,4,2,2,Human
4,4,4,3,3,LLM
4,4,4,2,2,Human
4,4,4,3,3,LLM
1,1,4,1,2,Human
3,4,4,3,3,LLM
0,0,4,2,2,Human
0,0,3,2,3,LLM
4,4,4,2,2,Human
4,4,4,3,3,LLM
4,4,4,2,2,Human
4,4,4,4,4,LLM
1,1,4,1,1,Human
1,1,3,1,1,LLM
4,4,4,3,2,Human
4,4,4,3,4,LLM
0,1,2,2,3,Human
3,3,4,2,3,LLM
1,2,4,1,1,Human
3,4,4,2,2,LLM
3,3,3,2,2,Human
4,4,4,3,4,LLM
2,3,4,0,0,Human
2,4,4,1,1,LLM
3,4,4,2,2,Human
4,4,4,3,3,LLM
1,2,4,3,1,Human
4,4,4,4,4,LLM
4,4,4,1,1,Human
4,3,4,3,4,LLM
3,4,4,1,2,Human
4,4,4,3,4,LLM
3,3,3,2,2,Human
4,4,4,3,3,LLM
4,4,4,1,2,Human
4,4,4,2,3,LLM
2,3,2,3,4,Human
4,4,4,3,3,LLM
2,4,4,2,2,Human
4,4,4,3,3,LLM
4,4,4,1,1,Human
4,4,4,3,4,LLM
3,3,4,2,3,Human
3,3,4,3,3,LLM
4,4,3,2,2,Human
4,4,4,3,4,LLM
4,4,4,2,2,Human
3,3,4,3,3,LLM
2,2,3,1,2,Human
3,2,4,3,3,LLM
0,0,2,2,2,Human
4,3,3,3,3,LLM
4,4,4,2,2,Human
4,4,4,4,3,LLM
1,1,4,2,2,Human
4,4,4,3,4,LLM
3,3,4,2,2,Human
3,4,4,2,3,LLM
4,4,4,1,3,Human
4,4,4,3,2,LLM
3,3,4,2,3,Human
4,4,4,3,3,LLM
2,2,4,1,3,Human
3,2,3,2,3,LLM
0,0,4,1,2,Human
1,2,3,2,3,LLM
1,1,2,2,2,Human
2,1,1,2,1,LLM
4,4,4,1,2,Human
4,4,4,3,3,LLM
1,4,4,1,2,Human
4,4,4,3,3,LLM
4,4,4,1,2,Human
4,4,4,3,3,LLM
4,4,4,3,2,Human
4,4,4,3,3,LLM
4,4,4,1,3,Human
4,4,4,4,4,LLM
3,3,4,2,2,Human
4,4,4,3,3,LLM
4,4,4,2,3,Human
4,4,4,3,3,LLM
3,4,3,2,3,Human
4,4,4,3,3,LLM
3,3,3,1,2,Human
4,4,4,2,4,LLM
3,3,4,1,2,Human
3,4,4,3,3,LLM
1,0,3,1,2,Human
1,1,3,2,2,LLM
4,4,4,4,2,Human
3,3,4,3,3,LLM
4,4,4,2,2,Human
4,4,4,3,3,LLM
4,4,4,2,2,Human
4,4,4,3,4,LLM
3,3,3,1,2,Human
4,4,4,3,3,LLM
4,4,4,2,2,Human
4,4,4,3,3,LLM
1,1,4,2,3,Human
4,4,4,4,4,LLM
2,3,2,2,4,Human
3,3,3,2,1,LLM
4,4,4,1,2,Human
4,4,4,3,4,LLM
3,4,3,2,2,Human
4,4,4,3,3,LLM
4,4,4,1,2,Human
4,4,4,3,3,LLM
3,3,4,2,2,Human
4,4,4,3,3,LLM
3,4,3,2,2,Human
4,4,4,2,4,LLM
2,3,3,2,2,Human
4,4,4,3,3,LLM
1,1,3,1,2,Human
2,1,2,1,2,LLM
4,4,4,1,2,Human
2,3,4,1,2,LLM
3,3,3,2,2,Human
4,4,4,3,4,LLM
4,4,4,2,2,Human
4,4,4,3,3,LLM
3,3,4,1,1,Human
4,4,4,2,4,LLM
3,3,4,1,3,Human
4,4,4,3,4,LLM
1,1,3,1,0,Human
2,2,3,2,3,LLM
3,3,4,1,2,Human
4,4,4,3,3,LLM
